lokasi,status,tipe,id_daftar_sekolah,id_prodi_pilihan_1,id_prodi_pilihan_2,nilai_tpa_verbal,nilai_tpa_spasial,nilai_tpa_analogi,nilai_tpa_numerik,avg_nilai_uan,avg_nilai_raport,is_diterima
1,0,1,2181,9,1,0,0,0,0,,,1
1,0,1,3,9,1,0,0,0,0,,,1
1,0,1,7,9,1,0,0,0,0,,,1
1,0,1,8,9,1,0,0,0,0,,,1
1,0,1,8,9,10,0,0,0,0,,,1
1,0,1,7,9,1,0,0,0,0,,,1
1,0,1,7,9,1,0,0,0,0,,,1
1,0,1,9,9,1,0,0,0,0,,,1
1,0,1,8,9,7,0,0,0,0,,,1
0,0,0,10,9,10,0,0,0,0,,,1
1,0,1,7,9,1,0,0,0,0,,,1
1,0,1,11,9,1,0,0,0,0,,,1
0,1,1,31,9,1,0,0,0,0,,,1
0,0,1,2188,9,10,0,0,0,0,,,1
1,0,1,32,9,10,0,0,0,0,,,1
1,0,1,16,9,10,0,0,0,0,,,1
1,0,1,0,9,1,0,0,0,0,,,1
1,0,1,45,9,1,0,0,0,0,,,1
1,0,1,7,9,1,0,0,0,0,,,1
1,0,1,7,9,10,0,0,0,0,,,1
1,1,1,36,9,10,0,0,0,0,,,1
0,0,1,16,9,10,0,0,0,0,,,1
1,0,1,55,9,1,0,0,0,0,,,1
1,0,1,14,9,10,0,0,0,0,,,1
1,0,1,20,9,10,0,0,0,0,,,1
1,0,1,20,9,10,0,0,0,0,,,1
1,0,1,20,9,10,0,0,0,0,,,1
1,0,0,73,9,10,0,0,0,0,,,1
0,0,1,77,9,10,0,0,0,0,,,1
1,1,1,78,9,10,0,0,0,0,,,1
1,0,1,45,9,10,0,0,0,0,,,1
1,1,1,27,9,10,0,0,0,0,,,1
1,0,1,48,9,1,0,0,0,0,,,1
1,1,1,139,9,1,0,0,0,0,,,1
1,0,1,32,9,3,0,0,0,0,,,1
1,0,1,7,9,1,0,0,0,0,,,1
0,1,0,2214,9,7,0,0,0,0,,,1
1,0,1,14,9,1,0,0,0,0,,,1
1,1,1,154,9,1,0,0,0,0,,,1
0,1,1,156,9,3,0,0,0,0,,,1
1,0,1,8,9,10,0,0,0,0,,,1
0,0,1,161,9,1,0,0,0,0,,,1
1,0,1,162,9,10,0,0,0,0,,,1
1,0,1,164,6,9,100,90,70,90,,,1
1,0,1,7,9,1,0,0,0,0,,,1
1,0,1,170,9,1,0,0,0,0,,,1
1,0,1,35,9,1,0,0,0,0,,,1
1,0,1,7,9,1,0,0,0,0,,,1
1,0,1,45,9,10,10,10,10,10,,,1
1,0,1,26,9,7,0,0,0,0,,,1
0,1,1,189,9,1,0,0,0,0,,,1
0,1,1,194,9,1,0,0,0,0,,,1
1,1,1,201,9,4,0,0,0,0,,,1
1,0,1,2227,9,3,150,90,120,80,,,1
1,0,1,20,9,10,0,0,0,0,,,1
1,0,1,8,9,10,0,0,0,0,,,1
0,0,1,63,9,1,0,0,0,0,,,1
1,0,1,55,9,1,0,0,0,0,,,1
0,0,1,225,9,10,0,0,0,0,,,1
0,1,1,144,9,10,0,0,0,0,,,1
0,1,1,239,9,1,100,120,120,80,,,1
1,0,1,2192,9,1,10,10,10,20,,,1
0,1,1,246,9,10,0,0,0,0,,,1
1,0,1,249,9,10,10,10,90,10,,,1
0,1,1,2225,9,10,30,10,30,10,,,1
0,0,1,261,9,3,0,0,0,0,,,1
0,1,1,2206,9,1,0,0,0,0,,,1
0,1,1,271,9,1,60,50,150,30,,,1
0,0,1,196,9,1,0,0,0,0,,,1
0,1,1,279,9,7,0,0,0,0,,,1
0,0,1,281,9,1,0,0,0,0,,,1
0,1,1,284,9,1,0,0,0,0,,,1
1,0,1,238,9,10,0,0,0,0,,,1
1,1,1,288,9,10,0,0,0,0,,,1
1,1,1,2238,9,1,0,0,0,0,,,1
1,0,0,295,9,10,10,40,10,10,,,1
0,1,1,71,9,3,0,0,0,0,,,1
0,1,1,86,9,3,0,0,0,0,,,1
0,1,1,300,9,1,0,0,0,0,,,1
1,0,1,35,9,10,0,0,0,0,,,1
0,1,1,301,9,10,60,60,10,180,,,1
0,1,1,309,9,1,0,0,0,0,,,1
0,0,1,46,9,1,0,0,0,0,,,1
1,1,0,310,9,1,0,0,0,0,,,1
1,0,1,312,9,10,0,0,0,0,,,1
0,1,1,135,9,1,0,0,0,0,,,1
1,1,1,2191,9,10,0,0,0,0,,,1
0,0,1,2188,9,1,0,0,0,0,,,1
0,1,1,327,9,10,20,110,90,10,,,1
0,1,1,343,5,9,0,0,0,0,,,1
0,0,1,348,9,1,130,130,120,20,,,1
0,0,1,23,9,10,0,0,0,0,,,1
0,1,1,246,9,1,0,0,0,0,,,1
0,1,0,2214,9,10,0,0,0,0,,,1
0,1,1,355,9,3,40,20,10,10,,,1
0,0,1,357,9,3,0,0,0,0,,,1
0,0,1,361,9,10,10,10,10,20,,,1
0,1,1,188,9,10,0,0,0,0,,,1
1,0,1,365,9,7,150,140,150,140,,,1
1,1,1,36,9,1,0,0,0,0,,,1
0,0,1,371,9,1,0,0,0,0,,,1
0,0,1,372,9,5,0,0,0,0,,,1
0,0,1,295,9,10,0,0,0,0,,,1
0,1,1,2254,9,10,10,40,30,40,,,1
0,0,1,30,9,10,0,0,0,0,,,1
0,0,1,380,9,1,0,0,0,0,,,1
0,0,1,382,9,10,0,0,0,0,,,1
0,0,1,75,9,4,0,0,0,0,,,1
1,1,0,388,9,10,130,10,60,10,,,1
1,0,0,102,9,1,0,0,0,0,,,1
1,1,1,381,9,10,0,0,0,0,,,1
1,1,1,2259,9,10,0,0,0,0,,,1
0,0,1,134,9,1,0,0,0,0,,,1
0,1,1,2223,9,4,0,0,0,0,,,1
1,0,1,396,9,1,0,0,0,0,,,1
0,0,1,399,9,10,0,0,0,0,,,1
1,0,1,26,9,10,0,0,0,0,,,1
1,0,1,403,9,10,10,100,90,120,,,1
0,1,1,318,9,1,20,10,30,40,,,1
0,0,1,2237,9,10,0,0,0,0,,,1
0,1,1,442,9,10,80,20,10,10,,,1
0,1,1,442,9,10,10,90,60,60,,,1
1,0,0,445,9,1,40,100,120,20,,,1
0,1,1,2279,9,10,50,90,20,110,,,1
0,0,0,455,9,1,40,140,40,110,,,1
1,1,1,457,9,10,180,130,120,130,,,1
0,0,1,75,9,5,130,110,40,70,,,1
0,0,1,105,9,10,150,160,120,70,,,1
1,1,1,465,9,10,100,60,120,70,,,1
0,0,1,134,9,3,100,140,120,40,,,1
1,0,1,468,9,4,180,90,20,60,,,1
0,0,1,469,9,1,10,10,10,40,,,1
0,0,1,223,9,10,100,30,90,70,,,1
0,1,1,212,9,10,100,30,30,10,,,1
1,1,1,473,9,10,20,90,40,130,,,1
0,0,1,63,9,3,80,100,90,80,,,1
0,1,1,144,9,10,20,60,40,150,,,1
1,1,1,483,9,1,180,90,150,190,,,1
0,1,1,205,9,10,60,60,60,20,,,1
0,0,1,456,9,1,50,10,40,20,,,1
0,1,1,495,9,10,20,30,60,20,,,1
0,0,1,104,9,1,60,110,60,190,,,1
0,1,0,501,9,10,40,20,40,40,,,1
1,1,1,171,9,1,170,180,180,180,,,1
0,1,1,1,9,1,0,0,0,0,0.0,,1
1,1,1,288,9,1,0,0,0,0,0.0,,1
1,0,1,20,9,5,0,0,0,0,0.0,,1
1,1,0,192,9,10,0,0,0,0,0.0,,1
1,0,1,7,9,1,0,0,0,0,0.0,,1
1,0,1,32,9,1,0,0,0,0,0.0,,1
1,0,1,32,9,1,0,0,0,0,0.0,,1
1,0,1,7,9,10,0,0,0,0,0.0,,1
1,0,1,24,9,10,0,0,0,0,0.0,,1
1,0,1,2290,9,1,0,0,0,0,0.0,,1
1,0,1,26,9,1,0,0,0,0,,,1
1,0,1,7,9,1,0,0,0,0,0.0,,1
1,0,1,55,9,1,0,0,0,0,,,1
1,0,1,7,9,1,0,0,0,0,,,1
1,0,1,35,9,10,0,0,0,0,,,1
1,0,1,35,9,1,150,100,120,180,,,1
0,1,1,5,9,3,0,0,0,0,,,1
1,0,1,32,9,10,0,0,0,0,,,1
1,1,1,524,9,3,0,0,0,0,,,1
1,0,1,7,9,1,0,0,0,0,,,1
1,0,1,2181,9,1,0,0,0,0,,,1
1,1,1,474,9,10,0,0,0,0,,,1
1,1,1,424,9,10,0,0,0,0,,,1
0,0,1,56,9,1,0,0,0,0,,,1
1,1,1,36,9,6,0,0,0,0,,,1
0,1,1,156,9,1,0,0,0,0,,,1
1,1,1,126,9,1,0,0,0,0,,,1
1,0,1,7,9,7,0,0,0,0,,,1
1,0,1,151,3,9,0,0,0,0,,,1
0,0,1,547,9,1,0,0,0,0,,,1
1,0,1,555,9,10,0,0,0,0,,,1
1,1,1,2300,9,1,0,0,0,0,,,1
1,0,1,8,9,1,0,0,0,0,,,1
0,0,1,421,9,10,0,0,0,0,,,1
0,0,1,1208,9,1,0,0,0,0,,,1
0,0,1,16,9,1,0,0,0,0,,,1
1,1,1,579,9,10,0,0,0,0,,,1
1,0,1,59,9,1,0,0,0,0,,,1
1,1,1,2236,10,9,0,0,0,0,,,1
0,0,1,26,9,5,0,0,0,0,,,1
1,1,1,217,9,10,0,0,0,0,,,1
0,0,1,2211,9,4,0,0,0,0,,,1
1,0,1,7,9,7,0,0,0,0,,,1
0,0,1,223,9,7,0,0,0,0,,,1
1,0,0,2306,9,10,40,60,150,60,,,1
1,1,1,556,9,10,0,0,0,0,,,1
0,0,1,2211,9,10,0,0,0,0,,,1
0,0,1,2211,9,3,0,0,0,0,,,1
0,1,1,626,9,10,0,0,0,0,,,1
0,0,1,26,9,1,0,0,0,0,,,1
1,1,1,579,9,1,0,0,0,0,,,1
0,1,1,231,9,10,0,0,0,0,,,1
1,1,1,51,6,9,160,140,80,140,,,1
0,1,1,212,9,7,100,140,40,80,,,1
1,0,1,7,9,1,0,0,0,0,,,1
1,0,1,26,9,1,0,0,0,0,,,1
0,0,0,10,9,10,10,120,20,120,,,1
0,1,1,668,9,10,30,10,150,50,,,1
1,1,1,669,9,7,0,0,0,0,,,1
0,1,1,86,9,1,0,0,0,0,,,1
1,0,1,0,9,1,0,0,0,0,,,1
0,1,1,110,9,10,0,0,0,0,,,1
0,0,0,0,9,1,0,0,0,0,,,1
0,0,0,455,9,1,170,80,100,80,,,1
1,1,1,434,9,1,0,0,0,0,,,1
1,0,1,35,9,10,0,0,0,0,,,1
0,0,1,498,9,7,0,0,0,0,,,1
0,0,1,132,9,3,0,0,0,0,,,1
0,0,1,695,9,7,0,0,0,0,,,1
0,0,1,143,9,3,0,0,0,0,,,1
0,1,1,147,9,3,10,20,90,70,,,1
0,0,1,709,9,1,0,0,0,0,,,1
1,0,1,579,9,7,0,0,0,0,,,1
0,1,1,231,9,7,0,0,0,0,,,1
1,1,1,2236,9,10,0,0,0,0,,,1
0,1,1,719,9,1,0,0,0,0,,,1
1,0,1,641,9,7,10,80,90,40,,,1
0,1,1,720,7,9,0,0,0,0,,,1
1,1,1,724,9,3,20,120,40,120,,,1
0,0,1,2237,9,3,10,30,90,120,,,1
1,0,1,16,9,10,80,120,120,30,,,1
0,1,1,218,9,10,10,60,30,20,,,1
1,1,1,777,9,10,90,10,90,150,,,1
1,1,1,246,9,4,10,30,30,120,,,1
0,0,1,132,9,10,70,70,70,90,,,1
1,0,1,641,9,7,20,20,120,10,,,1
1,1,1,289,9,10,180,170,90,180,,,1
1,0,1,804,7,9,30,100,170,130,,,1
0,1,1,218,9,10,60,70,60,40,,,1
1,1,1,27,9,10,130,140,90,120,,,1
0,1,1,144,9,1,100,150,40,180,,,1
1,0,1,506,9,10,60,50,90,110,,,1
1,0,1,32,9,10,60,150,30,100,,,1
0,0,1,851,9,1,60,140,60,60,,,1
1,1,1,27,9,5,130,60,40,80,,,1
1,0,1,2332,9,7,40,160,90,120,,,1
0,1,1,777,9,4,20,20,60,30,,,1
0,0,1,200,9,7,60,60,60,10,,,1
0,1,1,511,6,9,70,110,60,70,,,1
1,1,1,806,9,10,100,60,170,140,,,1
1,1,1,2345,9,7,70,80,70,130,,,1
0,0,1,879,9,10,100,60,90,80,,,1
1,1,1,201,9,10,60,140,60,70,,,1
0,1,0,883,9,3,10,10,40,20,,,1
1,0,1,382,9,10,10,100,10,40,,,1
0,0,1,892,9,7,20,60,10,10,,,1
0,1,0,2254,9,10,30,110,90,70,,,1
1,0,1,270,9,1,40,70,40,10,,,1
1,1,1,679,9,5,180,110,170,160,,,1
0,0,1,896,9,10,20,10,120,10,,,1
0,1,1,148,9,10,60,50,120,130,,,1
0,1,1,79,9,1,100,160,90,170,,,1
0,0,1,104,9,10,30,150,120,70,,,1
1,0,1,7,9,10,150,150,140,110,,,1
0,0,1,911,9,1,10,50,60,40,,,1
1,0,1,468,9,4,60,160,150,40,,,1
1,0,0,2350,9,10,130,60,60,130,,,1
0,1,0,2254,9,10,130,120,120,40,,,1
1,1,1,929,9,1,80,60,120,20,,,1
1,1,1,2206,9,4,10,90,30,70,,,1
1,1,1,940,9,10,10,40,120,20,,,1
1,0,1,943,7,9,150,120,10,70,,,1
1,1,1,127,9,4,80,180,180,70,,,1
0,1,1,881,9,7,20,60,30,140,,,1
1,0,1,2351,9,8,30,130,170,20,,,1
1,1,0,968,9,10,10,30,30,130,,,1
1,1,1,184,9,3,20,130,40,110,,,1
1,1,1,424,9,10,100,70,150,60,,,1
1,1,0,971,7,9,40,30,120,140,,,1
0,1,1,0,9,1,10,100,40,40,,,1
1,0,1,35,9,4,0,0,0,0,65.0,,1
1,0,1,67,9,1,0,0,0,0,27.0,,1
1,0,1,26,9,1,0,0,0,0,3.0,,1
1,0,0,0,9,10,0,0,0,0,73.0,,1
1,0,1,983,9,10,0,0,0,0,80.0,,1
1,0,1,20,9,1,0,0,0,0,68.0,,1
1,0,1,7,9,10,0,0,0,0,23.0,,1
0,0,0,2187,9,1,0,0,0,0,0.0,,1
0,0,1,29,9,1,0,0,0,0,0.0,,1
1,0,1,14,9,1,0,0,0,0,0.0,,1
1,0,1,7,9,1,0,0,0,0,31.0,,1
1,0,1,16,9,1,0,0,0,0,33.0,,1
1,0,1,32,9,1,0,0,0,0,0.0,,1
0,1,1,988,9,1,0,0,0,0,59.0,,1
1,0,1,989,6,9,120,80,70,80,61.0,,1
1,1,1,27,9,1,0,0,0,0,0.0,,1
1,1,0,364,9,10,0,0,0,0,332.0,,1
0,0,1,85,9,1,0,0,0,0,25.0,,1
1,0,1,2290,9,1,0,0,0,0,318.0,,1
1,1,1,40,9,1,0,0,0,0,0.0,,1
1,0,1,7,9,10,0,0,0,0,28.0,,1
1,1,1,303,9,10,0,0,0,0,0.0,,1
1,0,1,616,9,7,0,0,0,0,36.0,,1
0,1,1,2237,9,10,0,0,0,0,73.0,,1
0,1,0,658,9,10,0,0,0,0,296.0,,1
1,0,1,164,9,7,0,0,0,0,63.0,,1
1,0,1,7,9,1,0,0,0,0,69.0,,1
0,1,0,883,9,1,0,0,0,0,73.0,,1
1,0,0,1029,9,10,0,0,0,0,0.0,,1
0,0,1,547,9,1,0,0,0,0,43.0,,1
1,0,1,7,9,7,0,0,0,0,72.0,,1
0,1,1,2225,6,9,30,100,70,50,53.0,,1
1,0,1,26,9,1,0,0,0,0,60.0,,1
0,1,1,490,9,3,100,140,170,40,57.0,,1
1,0,1,20,9,1,0,0,0,0,76.0,,1
1,1,0,310,9,1,0,0,0,0,0.0,,1
0,1,1,324,9,1,0,0,0,0,279.0,,1
1,0,1,35,9,10,0,0,0,0,0.0,,1
1,0,1,67,9,1,0,0,0,0,69.0,,1
1,0,1,89,7,9,0,0,0,0,0.0,,1
1,0,1,0,9,10,0,0,0,0,59.0,,1
1,0,1,7,9,10,190,80,10,120,59.0,,1
0,0,0,1100,9,3,0,0,0,0,69.0,,1
0,0,1,22,9,7,0,0,0,0,79.0,,1
0,0,1,348,9,10,0,0,0,0,33.0,,1
1,0,1,1128,9,10,0,0,0,0,68.0,,1
0,1,1,344,9,1,0,0,0,0,61.0,,1
0,1,1,319,9,10,0,0,0,0,0.0,,1
0,1,1,1139,9,10,0,0,0,0,51.0,,1
0,0,1,380,9,1,0,0,0,0,0.0,,1
0,0,1,1141,9,5,40,90,40,10,91.0,,1
1,0,1,59,9,1,0,0,0,0,0.0,,1
0,1,1,184,9,10,20,30,40,20,18.0,,1
1,0,0,993,9,10,0,0,0,0,0.0,,1
0,0,0,382,9,10,0,0,0,0,0.0,,1
1,0,1,1123,9,10,0,0,0,0,66.0,,1
0,1,1,218,9,3,130,130,120,100,0.0,,1
0,0,0,1171,9,10,0,0,0,0,0.0,,1
1,1,1,1174,9,1,0,0,0,0,0.0,,1
0,1,1,1182,9,5,0,0,0,0,291.0,,1
0,0,1,8,9,10,0,0,0,0,0.0,,1
0,1,0,1121,9,1,130,30,150,100,30.0,,1
1,0,1,7,9,1,60,60,150,150,55.0,,1
1,1,1,579,9,10,0,0,0,0,297.0,,1
0,1,1,1194,9,1,0,0,0,0,0.0,,1
0,1,1,2235,9,1,0,0,0,0,0.0,,1
0,0,1,760,9,1,0,0,0,0,0.0,,1
0,1,0,624,9,10,0,0,0,0,65.0,,1
0,1,1,398,9,7,0,0,0,0,49.0,,1
1,1,1,526,9,10,0,0,0,0,63.0,,1
0,1,1,1201,9,10,0,0,0,0,63.0,,1
0,0,1,414,9,1,100,140,40,180,27.0,,1
0,1,1,906,9,5,100,10,120,110,0.0,,1
1,0,1,7,9,10,100,160,120,70,0.0,,1
1,1,1,800,9,1,100,80,150,150,56.0,,1
0,0,0,1227,9,4,10,70,40,40,7.0,,1
0,1,0,881,9,10,60,110,60,30,0.0,,1
0,1,1,724,9,10,40,60,60,10,0.0,,1
0,1,1,393,9,1,100,70,150,120,66.0,,1
1,1,1,303,9,7,40,60,120,170,0.0,,1
0,1,1,113,9,1,130,60,150,150,48.0,,1
0,0,1,2261,9,3,180,110,60,20,0.0,,1
0,0,0,1197,9,10,100,50,150,120,57.0,,1
1,0,1,478,7,9,100,160,20,60,5.0,,1
1,0,1,616,9,10,130,60,90,180,79.0,,1
0,1,1,148,9,1,160,170,180,190,0.0,,1
0,0,1,2213,9,7,30,70,40,130,70.0,,1
0,1,1,1028,2,9,20,110,90,110,47.0,,1
0,1,1,426,9,7,80,60,120,20,0.0,,1
0,1,1,1232,9,10,70,40,90,90,36.0,,1
1,1,1,288,9,10,40,130,120,160,64.0,,1
1,1,1,51,9,10,80,60,90,180,0.0,,1
0,1,1,393,7,9,170,170,40,170,78.0,,1
1,1,1,483,9,10,40,150,120,180,30.0,,1
1,0,1,7,9,10,170,30,120,180,69.0,,1
0,0,1,179,9,7,150,40,60,110,69.0,,1
0,1,1,1315,9,10,100,100,30,180,66.0,,1
0,0,0,1325,9,10,20,40,20,100,49.0,,1
0,1,1,1074,9,10,30,130,120,60,0.0,,1
0,1,1,1028,9,10,20,120,30,40,40.0,,1
0,1,1,724,9,3,130,100,170,20,0.0,,1
0,0,1,132,9,7,30,20,90,70,48.0,,1
0,1,1,94,9,10,40,110,150,40,46.0,,1
1,1,1,1340,9,7,20,140,60,50,50.0,,1
0,1,1,1295,9,3,100,180,90,160,80.0,,1
0,1,1,110,9,4,20,100,150,70,64.0,,1
0,1,0,1356,9,4,20,100,20,20,71.0,,1
1,0,1,105,9,7,30,70,90,10,55.0,,1
0,0,1,134,9,4,60,30,60,70,57.0,,1
0,1,1,1104,9,10,10,10,60,30,0.0,,1
0,0,1,399,9,4,20,110,150,40,56.0,,1
0,1,1,76,9,10,60,110,90,140,54.0,,1
0,1,1,1028,9,10,130,110,30,30,0.0,,1
0,1,1,724,9,4,100,90,70,40,60.0,,1
1,0,1,1378,9,1,0,0,0,0,27.0,,1
0,0,1,1380,9,1,0,0,0,0,0.0,,1
1,0,1,0,9,10,0,0,0,0,0.0,,1
1,1,1,325,9,10,0,0,0,0,0.0,,1
1,0,1,2183,9,3,0,0,0,0,0.0,,1
1,0,1,59,9,1,100,180,20,80,66.0,,1
1,1,0,1382,9,1,170,160,90,120,294.0,,1
1,1,0,366,9,1,0,0,0,0,78.0,,1
1,0,1,35,9,1,0,0,0,0,0.0,,1
1,1,1,325,9,10,0,0,0,0,303.0,,1
1,1,1,126,9,10,0,0,0,0,0.0,,1
1,0,0,2317,9,10,0,0,0,0,211.0,,1
1,0,1,35,9,1,0,0,0,0,31.0,,1
1,0,1,26,9,10,0,0,0,0,25.0,,1
1,0,1,26,9,1,0,0,0,0,0.0,,1
1,0,1,26,9,1,0,0,0,0,25.0,,1
1,1,1,505,9,1,0,0,0,0,54.0,,1
0,1,1,135,9,3,0,0,0,0,0.0,,1
1,1,0,310,9,1,10,90,60,60,64.0,,1
1,1,1,474,9,1,0,0,0,0,32.0,,1
1,0,1,151,9,10,0,0,0,0,0.0,,1
1,0,1,67,6,9,100,120,90,90,0.0,,1
0,0,0,0,9,1,0,0,0,0,0.0,,1
0,1,0,1404,9,1,0,0,0,0,31.0,,1
0,0,0,1040,9,7,0,0,0,0,0.0,,1
0,1,1,79,9,10,0,0,0,0,0.0,,1
1,0,0,531,9,1,0,0,0,0,63.0,,1
1,0,1,35,9,1,0,0,0,0,25.0,,1
1,0,0,102,9,1,0,0,0,0,0.0,,1
1,1,1,820,9,1,0,0,0,0,0.0,,1
1,1,1,139,9,10,0,0,0,0,60.0,,1
1,0,1,26,9,10,0,0,0,0,0.0,,1
0,1,1,347,9,1,0,0,0,0,0.0,,1
1,0,1,238,9,1,0,0,0,0,24.0,,1
0,1,1,117,9,10,0,0,0,0,69.0,,1
0,0,1,61,9,1,0,0,0,0,81.0,,1
0,0,1,1442,9,10,0,0,0,0,0.0,,1
0,1,1,392,9,1,0,0,0,0,0.0,,1
0,1,1,544,9,3,0,0,0,0,0.0,,1
1,1,1,505,9,10,0,0,0,0,32.0,,1
1,1,1,1449,9,10,0,0,0,0,23.0,,1
0,0,1,70,9,10,0,0,0,0,0.0,,1
0,1,1,231,9,1,170,150,60,80,90.0,,1
1,1,1,1453,9,10,0,0,0,0,0.0,,1
1,1,1,1455,9,1,0,0,0,0,26.0,,1
1,0,1,7,9,10,0,0,0,0,28.0,,1
1,1,1,1457,9,10,60,140,60,130,29.0,,1
1,0,1,16,9,10,40,150,90,70,22.0,,1
1,0,1,16,9,1,60,10,60,70,201.0,,1
1,0,1,198,9,1,30,90,150,120,0.0,,1
0,1,1,1466,9,10,0,0,0,0,241.0,,1
1,0,0,1471,9,1,150,160,90,180,0.0,,1
1,0,0,1475,9,4,170,70,120,170,0.0,,1
0,1,1,1479,9,1,30,100,60,160,49.0,,1
1,0,1,468,9,10,0,0,0,0,0.0,,1
0,0,1,299,9,10,100,100,150,70,0.0,,1
0,0,1,493,9,10,0,0,0,0,0.0,,1
1,0,1,32,9,1,0,0,0,0,26.0,,1
1,0,1,185,9,10,20,140,120,50,0.0,,1
0,1,1,472,9,10,160,160,70,130,0.0,,1
0,0,1,2211,9,10,100,170,70,150,0.0,,1
0,0,1,641,9,7,0,0,0,0,49.0,,1
0,1,1,300,9,7,0,0,0,0,0.0,,1
0,0,1,580,9,1,0,0,0,0,58.0,,1
0,1,0,1502,9,10,0,0,0,0,57.0,,1
0,0,1,951,9,8,0,0,0,0,0.0,,1
0,1,1,144,9,10,0,0,0,0,19.0,,1
0,1,1,343,9,1,0,0,0,0,0.0,,1
1,0,1,26,9,8,0,0,0,0,0.0,,1
1,1,1,522,9,10,0,0,0,0,29.0,,1
1,0,1,20,9,6,0,0,0,0,86.0,,1
1,0,0,1027,9,10,170,60,60,20,51.0,,1
0,0,0,1515,9,1,40,10,150,10,52.0,,1
1,0,0,531,9,10,120,70,70,60,54.0,,1
1,0,1,7,9,7,0,0,0,0,0.0,,1
1,0,1,16,9,10,20,70,60,50,0.0,,1
1,1,1,474,9,1,150,90,90,160,43.0,,1
1,1,1,303,9,8,0,0,0,0,68.0,,1
1,1,1,308,9,1,60,70,60,120,0.0,,1
0,1,1,1074,9,10,0,0,0,0,0.0,,1
0,1,1,367,9,1,20,130,90,40,37.0,,1
0,1,1,246,9,3,20,50,40,70,0.0,,1
0,0,1,2261,9,4,0,0,0,0,0.0,,1
1,0,1,35,9,10,60,90,150,80,24.0,,1
1,1,1,691,9,10,80,20,120,100,0.0,,1
0,1,1,418,9,10,0,0,0,0,0.0,,1
1,0,1,1533,7,9,40,60,90,100,0.0,,1
0,0,1,2213,9,10,0,0,0,0,0.0,,1
1,1,1,575,9,10,0,0,0,0,30.0,,1
1,1,1,60,9,1,0,0,0,0,24.0,,1
0,1,1,725,9,10,100,110,150,110,209.0,,1
0,0,0,637,9,10,0,0,0,0,0.0,,1
1,1,1,27,9,10,0,0,0,0,74.0,,1
0,1,1,79,9,7,0,0,0,0,0.0,,1
0,0,1,1551,7,9,0,0,0,0,0.0,,1
0,0,1,414,9,10,0,0,0,0,31.0,,1
1,0,1,8,9,1,0,0,0,0,29.0,,1
0,1,1,1420,9,10,0,0,0,0,79.0,,1
1,1,1,793,9,1,0,0,0,0,0.0,,1
1,0,0,1563,9,1,10,30,90,40,47.0,,1
0,1,1,1566,9,1,0,0,0,0,0.0,,1
0,1,1,1569,9,1,10,10,120,10,0.0,,1
1,0,1,7,9,10,130,100,90,100,0.0,,1
0,0,1,180,9,1,20,60,60,70,0.0,,1
1,0,1,8,9,10,150,140,90,140,0.0,,1
0,0,0,1080,9,1,30,120,60,150,20.0,,1
0,1,0,1583,9,10,0,0,0,0,0.0,,1
0,1,0,1586,9,10,10,70,10,40,0.0,,1
0,0,1,1594,9,1,40,150,90,100,49.0,,1
0,1,1,343,9,10,80,60,170,150,0.0,,1
0,0,1,2213,9,10,20,70,120,100,0.0,,1
0,0,1,1113,9,4,20,100,150,40,0.0,,1
1,0,1,56,9,10,40,50,170,20,0.0,,1
1,0,1,468,9,1,10,30,90,140,0.0,,1
1,1,0,192,9,1,100,60,150,50,30.0,,1
0,1,1,363,9,1,40,20,60,130,0.0,,1
0,0,1,1212,9,8,60,130,150,100,0.0,,1
0,0,1,562,9,1,10,10,30,80,0.0,,1
0,0,0,1616,9,1,60,120,40,110,0.0,,1
1,1,1,2466,9,10,80,20,120,60,57.0,,1
0,0,1,2213,9,10,80,120,120,40,0.0,,1
1,0,1,1625,9,1,150,100,150,150,0.0,,1
0,0,1,890,9,7,190,100,120,180,350.0,,1
0,1,1,1001,9,10,150,100,60,60,0.0,,1
1,1,1,1640,9,1,100,70,170,110,64.0,,1
0,1,1,1133,9,10,150,160,170,160,58.0,,1
0,1,1,970,9,7,100,60,170,140,60.0,,1
0,1,1,1649,9,1,130,20,170,130,0.0,,1
0,0,1,1235,9,10,60,100,60,180,62.0,,1
0,0,1,1235,9,10,0,0,0,0,69.0,,1
0,1,1,2453,9,10,150,170,90,80,0.0,,1
0,1,1,1660,9,3,100,120,180,70,55.0,,1
1,1,0,364,9,10,100,150,150,20,24.0,,1
0,0,1,2211,9,1,80,100,90,10,0.0,,1
0,0,1,7,9,1,130,90,150,130,63.0,,1
1,0,1,2293,9,10,180,60,120,170,66.0,,1
0,1,1,2225,9,10,30,150,90,40,0.0,,1
1,1,1,820,9,10,170,50,90,60,65.0,,1
0,0,0,664,9,10,10,20,40,170,63.0,,1
0,0,1,0,9,10,10,80,120,170,0.0,,1
0,0,1,369,9,1,30,80,150,30,216.0,,1
1,1,1,1692,9,10,150,190,120,60,58.0,,1
0,1,1,205,9,1,40,80,150,120,0.0,,1
1,1,0,2320,9,1,170,80,150,40,73.0,,1
0,0,1,2001,9,1,180,120,150,180,81.0,,1
1,0,1,468,9,10,130,110,170,160,59.0,,1
0,1,1,942,9,10,180,160,150,180,55.0,,1
0,1,1,1707,9,10,20,70,90,120,0.0,,1
1,0,1,108,9,10,80,50,90,70,0.0,,1
0,0,1,565,9,10,10,10,40,130,59.0,,1
0,1,1,79,9,4,30,150,170,70,61.0,,1
0,1,1,797,9,10,20,80,70,150,0.0,,1
0,1,1,1651,9,10,100,180,120,130,0.0,,1
0,1,1,1681,9,10,120,180,70,100,0.0,,1
1,0,1,2477,9,10,100,130,30,140,46.0,,1
1,1,1,4,10,9,0,0,0,0,,,1
1,0,1,2183,9,1,0,0,0,0,,,1
1,0,1,7,9,1,0,0,0,0,,,1
1,0,1,7,9,1,0,0,0,0,,,1
0,0,1,10,3,9,0,0,0,0,,,0
0,0,0,10,4,9,0,0,0,0,,,0
0,0,0,10,9,10,0,0,0,0,,,0
1,0,1,11,9,6,0,0,0,0,,,1
1,1,1,13,10,9,0,0,0,0,,,1
1,0,1,14,9,10,0,0,0,0,,,1
1,0,1,20,9,10,0,0,0,0,,,1
1,0,1,11,9,10,0,0,0,0,,,1
1,0,1,11,10,9,0,0,0,0,,,1
1,0,1,25,8,9,0,0,0,0,,,0
1,0,1,25,3,9,0,0,0,0,,,0
1,0,1,25,3,9,0,0,0,0,,,0
1,0,1,7,9,10,0,0,0,0,,,1
0,0,1,30,10,9,0,0,0,0,,,1
1,0,1,8,9,1,0,0,0,0,,,1
1,0,1,32,9,10,0,0,0,0,,,1
1,0,1,25,5,9,0,0,0,0,,,0
1,0,1,7,9,10,0,0,0,0,,,1
1,1,1,40,9,5,0,0,0,0,,,0
1,0,1,22,9,10,0,0,0,0,,,1
1,0,1,32,9,7,0,0,0,0,,,1
1,0,1,8,9,10,0,0,0,0,,,1
1,0,1,7,9,10,0,0,0,0,,,1
1,0,1,7,9,3,0,0,0,0,,,1
1,0,1,32,6,9,160,110,100,110,,,0
1,0,1,56,9,3,0,0,0,0,,,0
1,0,1,45,9,10,0,0,0,0,,,0
1,1,1,60,9,4,0,0,0,0,,,0
1,0,1,35,9,10,0,0,0,0,,,1
0,0,1,63,9,3,0,0,0,0,,,0
1,0,1,20,9,4,0,0,0,0,,,0
0,0,1,74,7,9,0,0,0,0,,,0
0,0,1,75,9,3,0,0,0,0,,,1
1,1,1,84,9,10,0,0,0,0,,,1
0,1,1,2204,6,9,100,80,90,90,,,1
1,0,1,67,6,9,100,90,70,140,,,1
1,0,1,118,9,1,0,0,0,0,,,1
1,0,1,8,6,9,90,140,120,100,,,0
1,0,1,7,10,9,0,0,0,0,,,1
1,0,1,8,9,10,0,0,0,0,,,1
1,1,1,137,9,7,0,0,0,0,,,1
0,1,1,135,9,5,0,0,0,0,,,1
1,0,1,32,9,10,0,0,0,0,,,1
1,1,1,142,9,1,0,0,0,0,,,1
1,1,1,146,7,9,0,0,0,0,,,0
0,1,1,147,9,10,0,0,0,0,,,1
0,1,1,148,9,3,0,0,0,0,,,1
1,0,1,35,5,9,0,0,0,0,,,0
1,0,1,152,5,9,0,0,0,0,,,0
1,1,1,155,10,9,0,0,0,0,,,1
0,1,1,159,9,10,0,0,0,0,,,1
1,0,0,166,4,9,0,0,0,0,,,1
1,0,1,7,9,10,0,0,0,0,,,1
1,1,1,176,7,9,0,0,0,0,,,0
0,0,1,178,7,9,0,0,0,0,,,0
1,0,1,2220,10,9,0,0,0,0,,,1
1,0,1,2221,9,10,0,0,0,0,,,0
1,0,0,186,7,9,10,110,90,70,,,0
1,1,1,115,6,9,120,90,70,90,,,0
0,1,1,189,9,10,0,0,0,0,,,1
1,1,1,199,5,9,0,0,0,0,,,0
1,0,1,200,9,10,0,0,0,0,,,1
0,1,1,2204,9,5,0,0,0,0,,,1
1,0,1,7,10,9,0,0,0,0,,,1
1,0,1,45,9,5,0,0,0,0,,,0
0,1,1,221,5,9,0,0,0,0,,,0
0,1,1,79,9,3,0,0,0,0,,,1
1,0,1,227,9,10,30,130,60,20,,,1
0,1,1,79,3,9,0,0,0,0,,,0
1,0,1,24,10,9,0,0,0,0,,,1
1,0,1,24,10,9,0,0,0,0,,,1
1,0,0,243,7,9,10,10,40,10,,,0
0,1,1,245,9,5,0,0,0,0,,,1
0,1,1,2219,7,9,170,20,90,40,,,0
1,1,1,247,10,9,0,0,0,0,,,1
0,1,1,263,4,9,0,0,0,0,,,0
1,1,1,264,7,9,0,0,0,0,,,0
0,1,1,266,9,7,0,0,0,0,,,1
1,0,1,2220,9,10,0,0,0,0,,,1
0,1,1,272,9,10,0,0,0,0,,,1
0,1,1,274,9,1,0,0,0,0,,,1
0,1,1,276,5,9,0,0,0,0,,,0
0,1,1,279,3,9,0,0,0,0,,,0
1,1,1,2236,9,4,0,0,0,0,,,1
0,0,1,2213,9,1,0,0,0,0,,,1
0,1,1,287,9,10,10,10,10,10,,,1
0,0,1,291,9,1,0,0,0,0,,,1
1,0,1,7,10,9,0,0,0,0,,,1
0,1,1,232,3,9,0,0,0,0,,,0
0,0,1,296,9,4,0,0,0,0,,,0
0,0,1,298,5,9,0,0,0,0,,,0
1,1,1,2241,5,9,0,0,0,0,,,0
1,0,1,2215,9,10,0,0,0,0,,,1
0,1,1,212,7,9,0,0,0,0,,,0
0,0,1,307,7,9,10,40,10,10,,,0
1,0,1,74,9,10,0,0,0,0,,,1
1,1,1,320,7,9,0,0,0,0,,,0
1,0,1,2242,6,9,150,140,90,90,,,1
0,0,1,16,9,10,0,0,0,0,,,1
0,1,1,273,7,9,0,0,0,0,,,0
0,0,1,178,6,9,50,100,40,20,,,1
0,0,1,2221,9,10,140,130,120,60,,,1
0,1,1,329,5,9,20,20,120,30,,,0
0,0,1,332,7,9,30,180,90,110,,,0
1,0,1,2181,6,9,90,140,50,90,,,1
0,1,1,339,5,9,0,0,0,0,,,0
0,0,1,0,7,9,20,30,60,10,,,0
0,0,1,0,7,9,180,30,90,120,,,0
0,0,1,0,7,9,10,60,10,10,,,0
0,1,1,343,4,9,0,0,0,0,,,0
0,1,1,0,9,7,0,0,0,0,,,1
0,1,1,53,9,1,0,0,0,0,,,1
0,1,1,2249,10,9,20,10,10,10,,,1
0,1,1,319,3,9,0,0,0,0,,,0
0,1,1,95,9,10,10,10,10,10,,,1
0,0,1,2211,7,9,0,0,0,0,,,0
0,1,1,356,10,9,0,0,0,0,,,1
0,0,1,18,9,3,80,30,60,20,,,1
0,0,1,0,9,10,10,70,40,40,,,1
0,0,1,2251,9,1,0,0,0,0,,,1
1,1,1,360,7,9,0,0,0,0,,,0
0,1,1,205,7,9,0,0,0,0,,,0
0,1,1,368,7,9,0,0,0,0,,,0
0,1,1,184,3,9,0,0,0,0,,,0
0,0,1,369,9,10,0,0,0,0,,,1
0,1,1,86,9,10,0,0,0,0,,,1
0,1,1,86,9,10,0,0,0,0,,,1
1,0,1,370,9,10,0,0,0,0,,,1
0,1,1,375,9,10,0,0,0,0,,,1
1,0,1,7,9,1,0,0,0,0,,,0
1,1,1,2255,7,9,130,100,120,150,,,0
1,0,1,26,9,10,0,0,0,0,,,1
1,1,1,381,9,10,80,50,120,20,,,1
1,0,1,2256,7,9,0,0,0,0,,,0
0,1,1,384,7,9,0,0,0,0,,,0
1,1,1,2258,10,9,0,0,0,0,,,1
0,1,1,389,3,9,10,60,10,10,,,0
0,0,1,394,6,9,60,90,50,50,,,0
1,0,1,26,9,1,0,0,0,0,,,1
1,0,1,2263,6,9,120,90,120,60,,,1
1,1,1,2236,10,9,0,0,0,0,,,1
0,1,1,398,7,9,0,0,0,0,,,0
1,1,1,402,3,9,0,0,0,0,,,0
1,1,1,406,9,1,0,0,0,0,,,1
0,1,1,408,9,1,0,0,0,0,,,1
0,1,1,272,10,9,0,0,0,0,,,1
1,1,1,201,5,9,0,0,0,0,,,0
0,1,1,160,6,9,90,140,70,90,,,0
0,0,1,420,6,9,120,90,80,60,,,1
0,0,1,2237,9,3,0,0,0,0,,,0
1,0,1,2227,6,9,100,100,80,120,,,0
1,0,1,2181,6,9,90,90,70,90,,,1
1,0,1,8,9,10,170,180,190,190,,,1
0,1,1,81,6,9,90,100,60,80,,,1
1,1,1,434,4,9,0,0,0,0,,,0
0,0,1,2237,9,1,10,20,20,10,,,0
0,1,1,441,3,9,130,80,90,50,,,0
1,1,1,448,7,9,40,130,90,40,,,0
0,0,1,75,7,9,80,100,40,40,,,0
0,0,1,450,7,9,0,0,0,0,,,0
1,0,1,452,9,10,0,0,0,0,,,0
0,1,1,2219,9,3,0,0,0,0,,,0
0,1,1,454,7,9,40,120,150,60,,,0
0,0,1,2213,3,9,100,40,120,30,,,0
1,1,1,459,7,9,0,0,0,0,,,0
0,0,1,372,10,9,40,20,90,100,,,1
0,0,1,75,9,7,170,90,120,180,,,1
0,1,0,460,9,10,20,60,60,40,,,1
0,1,1,367,9,4,10,20,10,10,,,0
0,0,1,2237,10,9,0,0,0,0,,,0
0,0,0,466,9,3,10,30,20,10,,,0
1,0,0,2282,10,9,40,150,120,20,,,1
0,0,1,0,7,9,180,170,170,80,,,0
1,0,1,22,7,9,80,150,190,170,,,0
0,0,1,470,9,10,60,20,30,160,,,1
1,1,1,471,5,9,0,0,0,0,,,0
0,0,0,295,9,10,10,40,10,10,,,1
0,1,1,343,7,9,150,80,40,40,,,0
0,0,1,178,10,9,100,100,120,50,,,1
1,1,1,474,7,9,0,0,0,0,,,0
0,1,1,479,9,4,60,10,150,140,,,1
0,1,1,481,3,9,80,60,10,70,,,0
0,0,1,482,7,9,20,130,40,10,,,0
0,1,1,2219,9,1,10,30,60,10,,,1
0,1,1,2219,9,1,100,10,30,10,,,1
0,1,1,0,7,9,60,110,40,30,,,1
0,1,1,485,9,4,30,30,30,140,,,0
1,1,0,488,10,9,100,170,120,70,,,1
1,1,1,212,5,9,80,10,30,40,,,0
0,1,1,144,7,9,30,60,60,100,,,0
1,0,1,26,7,9,80,30,20,100,,,0
0,1,1,490,8,9,10,10,30,10,,,0
1,0,1,26,5,9,30,60,90,110,,,0
0,0,1,180,9,10,20,40,30,40,,,1
1,0,1,494,4,9,10,50,40,180,,,0
1,0,1,497,7,9,10,20,90,30,,,0
0,0,1,498,7,9,40,70,30,70,,,0
1,0,1,500,7,9,80,20,40,100,,,1
0,1,1,476,9,10,10,10,10,10,,,1
0,1,1,502,9,1,10,10,10,10,,,0
0,1,1,391,5,9,40,50,30,160,,,0
0,1,1,431,9,3,20,70,60,10,,,0
0,0,1,506,3,9,20,50,60,20,,,0
1,1,1,51,9,10,0,0,0,0,0.0,,1
1,1,1,288,9,1,0,0,0,0,0.0,,0
0,0,1,99,6,9,30,90,20,80,0.0,,1
1,0,1,20,9,10,0,0,0,0,0.0,,1
1,0,1,3,5,9,0,0,0,0,0.0,,0
1,1,1,512,5,9,0,0,0,0,0.0,,0
1,0,1,32,4,9,0,0,0,0,0.0,,0
1,0,1,8,9,10,0,0,0,0,0.0,,1
0,1,1,343,7,9,0,0,0,0,0.0,,0
0,1,1,95,7,9,0,0,0,0,0.0,,0
0,1,1,343,9,1,0,0,0,0,0.0,,1
0,0,1,520,9,10,0,0,0,0,,,0
1,0,1,24,9,1,0,0,0,0,,,1
1,0,1,3,5,9,0,0,0,0,,,0
1,1,1,525,10,9,0,0,0,0,,,1
1,0,1,59,9,10,0,0,0,0,,,1
1,0,1,7,7,9,0,0,0,0,,,0
1,1,1,2260,9,1,0,0,0,0,,,1
0,1,1,529,4,9,0,0,0,0,,,0
0,0,1,63,4,9,0,0,0,0,,,0
0,0,1,531,9,1,0,0,0,0,,,0
1,1,1,534,7,9,0,0,0,0,,,0
1,1,1,535,6,9,90,160,100,100,,,1
1,0,0,536,9,1,0,0,0,0,,,0
0,1,1,537,7,9,0,0,0,0,,,0
0,0,1,77,9,10,0,0,0,0,,,1
0,0,1,539,9,10,0,0,0,0,,,0
1,0,1,26,5,9,0,0,0,0,,,0
1,0,1,3,10,9,0,0,0,0,,,1
0,1,1,545,10,9,0,0,0,0,,,1
1,1,1,51,10,9,0,0,0,0,,,1
1,0,1,3,10,9,0,0,0,0,,,1
1,1,1,101,9,3,0,0,0,0,,,1
0,1,1,81,6,9,110,160,90,150,,,1
1,0,1,35,9,1,0,0,0,0,,,1
1,1,1,576,9,1,0,0,0,0,,,1
0,1,0,2254,9,10,30,20,10,40,,,1
1,0,1,87,9,4,0,0,0,0,,,0
1,0,1,7,7,9,0,0,0,0,,,0
1,0,0,536,9,10,10,10,10,20,,,0
0,1,0,583,9,1,20,40,20,110,,,1
1,1,1,27,7,9,0,0,0,0,,,0
1,0,1,26,10,9,0,0,0,0,,,1
1,1,1,588,9,10,0,0,0,0,,,1
0,1,1,76,9,1,0,0,0,0,,,1
0,0,1,2211,7,9,0,0,0,0,,,0
0,1,1,194,9,3,0,0,0,0,,,1
1,0,1,35,7,9,0,0,0,0,,,0
1,0,1,16,9,1,0,0,0,0,,,1
1,0,1,16,5,9,0,0,0,0,,,0
0,1,1,2206,7,9,0,0,0,0,,,0
0,0,1,601,2,9,0,0,0,0,,,1
0,0,1,7,3,9,30,80,40,40,,,0
1,0,1,7,10,9,0,0,0,0,,,1
1,0,1,2227,9,10,0,0,0,0,,,1
0,1,1,391,9,10,0,0,0,0,,,1
0,0,1,615,9,4,0,0,0,0,,,0
1,1,1,141,6,9,130,160,90,70,,,0
1,0,0,102,9,10,0,0,0,0,,,1
0,0,1,622,9,1,0,0,0,0,,,1
0,0,1,2303,7,9,0,0,0,0,,,0
1,1,1,160,9,1,0,0,0,0,,,1
0,1,1,626,3,9,0,0,0,0,,,0
0,1,1,409,4,9,0,0,0,0,,,0
0,1,1,627,10,9,0,0,0,0,,,1
1,1,1,91,9,3,0,0,0,0,,,0
1,1,1,284,9,1,0,0,0,0,,,0
1,0,1,164,9,4,0,0,0,0,,,1
0,1,1,2223,10,9,0,0,0,0,,,1
1,0,1,59,8,9,0,0,0,0,,,0
0,1,1,626,3,9,0,0,0,0,,,0
0,0,0,637,9,10,0,0,0,0,,,1
0,1,1,318,7,9,0,0,0,0,,,0
0,1,1,638,9,10,0,0,0,0,,,1
1,0,1,642,6,9,90,50,70,90,,,1
0,1,1,643,9,7,0,0,0,0,,,1
0,1,1,81,6,9,130,190,110,150,,,1
0,1,1,649,10,9,0,0,0,0,,,1
0,1,1,650,9,3,0,0,0,0,,,1
0,0,1,482,6,9,60,100,80,30,,,1
1,0,1,0,6,9,90,140,70,80,,,1
1,0,0,531,9,10,0,0,0,0,,,1
1,0,1,2308,5,9,0,0,0,0,,,0
0,1,1,2219,9,10,0,0,0,0,,,1
0,1,1,2243,9,1,0,0,0,0,,,1
1,0,1,7,9,1,0,0,0,0,,,1
1,1,0,659,9,1,0,0,0,0,,,1
0,0,0,661,7,9,10,70,10,20,,,1
0,0,1,664,5,9,0,0,0,0,,,0
1,0,0,666,10,9,0,0,0,0,,,1
0,1,1,515,9,10,0,0,0,0,,,1
0,0,1,647,5,9,0,0,0,0,,,0
1,0,1,8,9,1,0,0,0,0,,,1
0,1,1,246,7,9,0,0,0,0,,,0
0,1,1,574,6,9,90,90,80,50,,,0
0,1,1,678,9,10,10,10,20,10,,,1
0,1,1,110,7,9,0,0,0,0,,,0
0,1,1,110,7,9,0,0,0,0,,,0
1,1,1,97,7,9,0,0,0,0,,,0
0,1,1,687,5,9,0,0,0,0,,,0
1,0,1,645,9,10,0,0,0,0,,,1
0,0,1,622,5,9,0,0,0,0,,,0
1,1,1,2266,10,9,0,0,0,0,,,1
0,1,1,112,5,9,0,0,0,0,,,0
1,1,1,60,6,9,120,110,70,70,,,0
1,1,0,2316,7,9,0,0,0,0,,,0
0,0,1,455,10,9,0,0,0,0,,,1
0,0,1,647,9,3,0,0,0,0,,,1
1,0,1,16,7,9,0,0,0,0,,,0
1,1,0,2320,9,10,150,120,60,70,,,1
1,1,1,2207,9,3,10,120,10,10,,,0
0,1,1,187,5,9,0,0,0,0,,,0
0,1,1,2198,7,9,60,50,40,70,,,0
0,0,1,715,3,9,10,10,10,10,,,0
0,1,1,343,7,9,0,0,0,0,,,0
0,1,1,247,4,9,20,20,40,40,,,0
0,0,0,718,10,9,0,0,0,0,,,1
0,1,1,344,3,9,0,0,0,0,,,0
1,0,1,722,7,9,10,120,10,50,,,0
0,0,1,225,3,9,10,50,10,10,,,0
0,1,1,725,9,3,20,20,10,20,,,0
0,0,1,2250,10,9,60,50,170,10,,,1
0,1,1,586,9,3,130,170,120,150,,,1
1,0,1,32,9,10,100,30,30,20,,,1
0,0,1,68,3,9,10,20,40,20,,,0
0,0,1,688,10,9,0,0,0,0,,,0
0,0,1,562,9,1,60,20,90,130,,,1
1,1,1,737,3,9,30,60,10,30,,,0
0,0,0,2321,9,10,30,10,10,10,,,1
1,1,1,319,7,9,0,0,0,0,,,0
0,0,1,740,9,3,120,80,60,40,,,0
1,0,1,2323,9,1,130,180,40,130,,,1
0,0,1,132,9,1,10,10,30,10,,,0
1,1,1,51,6,9,130,110,70,50,,,0
0,0,1,18,7,9,140,80,170,30,,,0
0,1,1,241,3,9,30,80,20,10,,,0
1,0,1,304,9,10,10,90,180,40,,,1
0,0,1,748,7,9,30,10,10,10,,,0
0,1,1,95,7,9,50,40,170,20,,,0
1,0,1,749,7,9,50,60,150,40,,,0
0,0,1,641,7,9,80,90,60,70,,,0
0,0,1,752,10,9,10,20,30,10,,,1
1,0,1,369,7,9,60,60,60,40,,,0
0,1,1,2325,9,7,0,0,0,0,,,0
0,0,1,758,9,10,10,30,10,40,,,1
0,1,0,692,9,1,10,70,10,10,,,0
0,0,1,672,7,9,10,60,20,10,,,0
1,0,1,2186,10,9,40,130,150,170,,,1
0,0,1,421,3,9,10,30,30,30,,,0
0,0,1,132,9,1,0,0,0,0,,,0
1,0,1,767,7,9,30,60,30,10,,,0
1,0,1,357,6,9,90,50,50,70,,,0
1,1,1,289,6,9,130,110,130,110,,,0
1,0,1,641,9,10,20,30,10,10,,,1
0,1,1,86,10,9,20,100,10,10,,,1
0,1,1,367,7,9,40,130,30,100,,,0
0,0,1,2211,7,9,30,100,60,130,,,0
0,1,1,360,6,9,40,90,20,10,,,0
1,0,1,2227,9,10,20,130,60,80,,,1
0,0,0,786,7,9,10,50,10,60,,,0
0,0,1,791,7,9,0,0,0,0,,,0
1,1,1,796,10,9,60,10,170,10,,,1
0,0,0,373,9,10,10,70,10,30,,,1
0,1,1,798,4,9,30,10,20,50,,,0
1,1,1,802,9,10,80,150,170,150,,,1
0,0,1,69,7,9,10,30,40,10,,,0
0,1,1,389,9,10,10,10,10,10,,,1
0,1,1,2206,4,9,10,20,90,10,,,0
1,1,1,60,6,9,160,110,70,90,,,0
1,0,1,672,4,9,40,60,90,20,,,0
1,0,1,102,10,9,60,60,90,10,,,1
0,0,0,362,10,9,40,40,10,10,,,1
0,1,1,811,7,9,20,10,10,10,,,0
0,1,1,457,7,9,130,110,30,70,,,0
1,0,1,26,7,9,20,70,60,70,,,0
0,1,1,816,9,10,0,0,0,0,,,0
0,0,1,61,9,10,0,0,0,0,,,0
1,1,1,424,9,4,40,10,150,70,,,1
1,1,1,205,3,9,10,100,90,100,,,0
1,1,1,819,10,9,0,0,0,0,,,0
1,1,1,5,4,9,20,20,10,20,,,0
0,1,0,2330,9,10,10,30,10,40,,,1
0,1,0,2254,9,10,130,10,30,40,,,1
1,0,1,2195,9,10,130,70,90,190,,,1
0,0,1,825,2,9,10,10,10,10,,,0
1,1,1,94,11,9,30,30,30,40,,,0
0,1,1,135,9,4,0,0,0,0,,,0
0,1,1,71,9,10,40,70,90,10,,,1
1,0,1,200,10,9,20,20,40,20,,,1
0,1,1,71,9,10,10,60,30,20,,,1
1,1,1,832,6,9,60,100,50,70,,,1
1,1,1,0,9,4,10,20,30,70,,,0
1,1,1,127,7,9,60,80,180,70,,,0
0,0,1,61,7,9,100,170,170,110,,,0
1,1,1,479,9,10,130,80,90,160,,,1
0,0,0,858,3,9,10,20,10,70,,,0
0,0,1,69,7,9,130,160,60,160,,,0
1,0,1,69,7,9,0,0,0,0,,,0
0,0,1,162,3,9,40,130,60,70,,,0
0,1,1,71,9,10,100,60,60,40,,,1
1,0,1,8,10,9,80,160,90,180,,,1
1,1,1,418,9,3,0,0,0,0,,,0
1,0,1,867,9,10,10,100,30,30,,,1
1,1,1,5,7,9,10,60,10,20,,,0
0,1,1,318,5,9,180,60,90,20,,,0
1,1,1,869,9,10,0,0,0,0,,,0
0,0,0,870,9,10,10,60,10,10,,,1
1,0,0,876,9,10,10,10,10,20,,,1
0,1,1,878,7,9,100,130,90,30,,,0
1,1,1,318,7,9,130,40,170,170,,,1
1,1,1,650,9,1,80,140,40,70,,,0
0,1,1,95,7,9,20,110,170,170,,,0
0,1,1,882,9,10,0,0,0,0,,,0
1,1,1,144,7,9,150,170,90,150,,,0
0,0,1,887,9,3,10,10,20,10,,,0
0,1,1,853,7,9,10,30,20,10,,,0
0,1,1,894,3,9,30,10,40,20,,,0
1,1,0,2348,9,10,10,30,10,30,,,1
1,0,1,7,9,1,30,120,90,70,,,0
0,1,0,903,9,10,10,110,60,20,,,0
0,1,1,205,3,9,10,10,30,10,,,0
0,1,1,904,9,10,0,0,0,0,,,0
0,1,1,907,9,10,10,60,40,10,,,0
0,1,1,908,7,9,40,80,120,30,,,1
1,1,1,116,7,9,150,180,120,160,,,0
1,1,1,5,7,9,20,10,20,90,,,0
1,0,1,42,9,10,0,0,0,0,,,0
1,1,1,886,7,9,170,130,140,150,,,0
0,0,1,912,9,10,10,20,10,10,,,1
0,1,1,2206,10,9,20,10,20,10,,,1
0,1,1,409,7,9,180,130,120,190,,,1
1,0,1,38,9,3,100,90,90,80,,,1
0,0,1,850,10,9,130,140,150,140,,,1
0,1,1,918,9,10,60,10,170,70,,,1
0,0,1,921,9,3,30,20,90,40,,,0
1,1,1,926,7,9,180,180,60,190,,,0
0,1,1,2204,7,9,60,70,40,20,,,0
1,1,1,930,9,1,10,80,20,20,,,0
1,0,1,24,9,10,10,30,20,20,,,0
0,0,1,291,9,1,60,50,60,20,,,0
1,0,1,16,7,9,20,20,30,10,,,0
0,0,1,934,10,9,10,60,20,20,,,1
1,1,1,936,9,10,0,0,0,0,,,0
1,0,1,937,9,4,80,140,20,60,,,0
1,1,1,184,9,1,10,70,40,10,,,0
0,0,1,104,7,9,30,90,60,20,,,0
0,1,1,2219,9,10,40,10,120,170,,,1
1,0,1,740,9,10,20,100,40,10,,,1
0,1,1,218,9,3,10,50,40,40,,,0
1,1,1,949,9,4,40,40,120,40,,,1
1,1,1,889,9,10,80,130,30,30,,,1
0,1,1,853,9,10,0,0,0,0,,,0
1,1,1,770,7,9,100,100,90,120,,,0
0,0,1,954,9,10,10,60,40,140,,,1
0,0,1,67,9,4,10,60,20,10,,,0
0,1,1,755,9,10,10,10,40,10,,,0
1,1,1,226,7,9,150,170,120,130,,,0
0,1,1,2207,3,9,10,10,10,10,,,0
0,0,0,961,9,10,30,100,30,10,,,1
1,1,1,691,5,9,170,130,150,20,,,0
1,1,1,5,7,9,40,180,30,170,,,0
0,0,1,964,10,9,130,90,60,170,,,1
0,1,0,965,9,1,80,10,60,20,,,1
0,1,1,966,9,3,10,10,10,10,,,0
1,1,1,2301,3,9,20,80,90,80,,,0
1,1,1,969,9,10,0,0,0,0,,,0
0,0,1,520,9,10,10,10,10,10,,,0
0,0,1,921,9,3,40,50,30,110,,,0
1,0,1,24,9,10,190,50,70,170,,,0
1,0,1,16,9,3,10,90,40,40,,,0
1,0,1,2194,4,9,10,130,40,10,,,0
1,0,1,2354,9,10,10,30,10,10,,,0
0,1,1,125,9,10,10,20,20,40,,,1
0,1,1,205,7,9,10,20,10,20,,,0
1,1,1,2355,3,9,130,50,120,70,,,0
1,1,1,524,7,9,130,170,150,160,,,0
1,0,1,2328,10,9,40,30,120,30,,,0
1,0,0,2356,9,10,20,40,10,20,,,0
0,1,1,2207,9,3,0,0,0,0,,,0
0,1,1,873,7,9,30,20,40,20,,,0
1,1,1,978,9,1,150,140,30,70,,,1
0,0,1,979,9,5,0,0,0,0,0.0,,1
1,0,1,67,9,1,0,0,0,0,0.0,,1
1,0,1,616,9,10,0,0,0,0,0.0,,1
1,1,1,800,10,9,0,0,0,0,0.0,,1
1,0,1,35,3,9,0,0,0,0,0.0,,0
1,0,1,2181,9,10,0,0,0,0,0.0,,1
1,0,1,67,9,1,0,0,0,0,0.0,,1
1,0,1,7,9,1,0,0,0,0,0.0,,0
0,0,1,19,9,10,0,0,0,0,0.0,,1
1,0,1,9,9,3,0,0,0,0,0.0,,0
0,0,1,29,7,9,0,0,0,0,0.0,,1
1,0,1,14,9,1,0,0,0,0,0.0,,1
1,0,1,7,9,3,0,0,0,0,52.0,,0
1,0,1,20,6,9,90,90,70,80,0.0,,0
1,0,1,7,9,1,0,0,0,0,0.0,,0
1,0,1,981,9,10,0,0,0,0,0.0,,1
0,0,1,85,9,10,0,0,0,0,0.0,,1
1,0,1,35,9,1,0,0,0,0,0.0,,0
1,0,1,7,9,1,0,0,0,0,0.0,,1
1,1,1,800,10,9,0,0,0,0,48.0,,1
1,0,1,20,9,7,0,0,0,0,0.0,,1
1,0,1,991,9,4,0,0,0,0,0.0,,0
1,0,1,26,9,1,0,0,0,0,0.0,,1
1,1,1,127,9,1,0,0,0,0,0.0,,1
1,1,1,996,9,1,0,0,0,0,0.0,,1
0,0,1,99,3,9,0,0,0,0,0.0,,0
1,0,1,20,9,1,0,0,0,0,0.0,,1
0,0,1,527,7,9,0,0,0,0,0.0,,0
0,0,1,63,9,1,0,0,0,0,0.0,,1
0,1,1,1000,3,9,0,0,0,0,187.0,,0
0,0,1,620,10,9,0,0,0,0,0.0,,1
1,1,1,2360,7,9,0,0,0,0,0.0,,0
0,0,1,77,5,9,0,0,0,0,0.0,,0
0,0,1,77,7,9,0,0,0,0,0.0,,0
0,1,1,76,9,10,0,0,0,0,0.0,,1
0,1,1,1011,9,4,0,0,0,0,0.0,,1
0,1,1,0,6,9,120,110,70,50,0.0,,1
1,0,1,7,9,1,0,0,0,0,0.0,,0
0,1,0,1016,9,10,0,0,0,0,0.0,,1
1,0,1,7,5,9,0,0,0,0,236.0,,0
0,1,1,95,6,9,90,110,70,50,0.0,,1
0,1,1,2204,7,9,0,0,0,0,0.0,,1
0,1,1,798,7,9,0,0,0,0,0.0,,0
0,1,1,76,4,9,0,0,0,0,0.0,,0
1,1,1,115,11,9,0,0,0,0,236.0,,0
1,0,1,67,10,9,0,0,0,0,29.0,,1
1,0,1,7,9,1,0,0,0,0,0.0,,0
0,0,0,2237,9,10,0,0,0,0,0.0,,1
1,0,1,1026,9,1,0,0,0,0,0.0,,0
0,1,1,1028,9,10,0,0,0,0,0.0,,1
1,0,1,7,9,1,0,0,0,0,0.0,,0
0,1,1,76,7,9,0,0,0,0,0.0,,0
0,0,1,892,9,10,10,20,20,40,0.0,,1
1,0,0,2371,9,1,0,0,0,0,0.0,,1
0,0,1,1037,9,10,0,0,0,0,0.0,,1
0,1,1,393,9,7,0,0,0,0,0.0,,1
1,0,1,7,9,10,0,0,0,0,0.0,,1
0,1,1,324,9,7,0,0,0,0,0.0,,1
1,0,1,555,5,9,0,0,0,0,0.0,,0
1,0,0,620,9,10,0,0,0,0,0.0,,0
0,1,0,2198,9,10,0,0,0,0,0.0,,1
0,0,0,382,7,9,0,0,0,0,0.0,,0
1,1,0,2372,9,10,0,0,0,0,0.0,,1
0,1,1,95,7,9,0,0,0,0,0.0,,0
0,1,1,619,9,1,0,0,0,0,0.0,,0
0,0,1,555,5,9,0,0,0,0,0.0,,0
0,1,1,490,9,4,0,0,0,0,0.0,,0
0,1,1,2246,9,10,0,0,0,0,0.0,,1
0,1,1,391,7,9,0,0,0,0,59.0,,0
0,1,1,2206,9,7,0,0,0,0,0.0,,1
1,1,1,532,5,9,0,0,0,0,62.0,,0
0,1,1,309,10,9,0,0,0,0,31.0,,1
1,0,1,7,9,1,0,0,0,0,0.0,,1
1,0,1,7,9,1,0,0,0,0,0.0,,0
1,0,0,1051,9,10,0,0,0,0,0.0,,1
0,1,0,1054,7,9,10,70,10,20,47.0,,0
1,1,1,736,6,9,0,0,0,0,0.0,,0
0,1,1,574,10,9,0,0,0,0,0.0,,1
1,1,0,2372,9,1,0,0,0,0,0.0,,0
0,0,1,2211,3,9,0,0,0,0,36.0,,0
0,1,1,631,7,9,0,0,0,0,0.0,,0
0,1,1,343,10,9,0,0,0,0,0.0,,1
0,0,0,0,9,1,0,0,0,0,0.0,,1
1,0,0,976,10,9,0,0,0,0,83.0,,1
1,0,1,468,10,9,0,0,0,0,0.0,,1
0,1,1,144,7,9,0,0,0,0,68.0,,0
1,1,1,2383,10,9,0,0,0,0,0.0,,1
0,1,1,187,4,9,0,0,0,0,42.0,,0
0,0,1,475,6,9,30,90,50,50,0.0,,0
1,0,1,2385,9,10,60,120,90,150,0.0,,1
0,0,1,85,7,9,0,0,0,0,0.0,,1
1,1,1,182,9,1,0,0,0,0,0.0,,1
0,1,1,272,6,9,60,90,40,50,0.0,,0
1,0,1,105,6,9,40,90,20,40,0.0,,0
0,1,1,95,7,9,0,0,0,0,0.0,,0
0,0,1,1110,4,9,0,0,0,0,0.0,,0
1,0,1,8,9,5,0,0,0,0,0.0,,1
0,1,1,1114,3,9,0,0,0,0,0.0,,0
1,0,1,16,5,9,0,0,0,0,254.0,,0
0,1,1,1004,7,9,0,0,0,0,0.0,,0
0,1,1,2225,9,1,0,0,0,0,0.0,,1
1,0,1,1115,8,9,0,0,0,0,74.0,,0
1,1,1,2387,7,9,0,0,0,0,0.0,,0
0,1,1,148,10,9,0,0,0,0,0.0,,1
0,1,1,1122,9,10,0,0,0,0,0.0,,1
1,0,1,1123,9,3,0,0,0,0,0.0,,0
1,0,0,1029,9,10,0,0,0,0,0.0,,1
0,0,1,1124,9,1,0,0,0,0,0.0,,1
0,0,1,24,9,1,0,0,0,0,0.0,,1
1,0,1,1125,9,10,0,0,0,0,0.0,,1
0,1,1,1127,4,9,0,0,0,0,0.0,,0
1,1,1,242,9,1,0,0,0,0,0.0,,1
1,1,1,57,4,9,0,0,0,0,421.0,,0
0,0,1,1131,9,10,0,0,0,0,0.0,,0
0,1,1,205,9,10,0,0,0,0,0.0,,1
0,0,1,1132,10,9,0,0,0,0,0.0,,1
0,0,1,2213,9,7,0,0,0,0,0.0,,0
0,0,1,1138,9,10,0,0,0,0,0.0,,1
0,1,1,2204,9,1,0,0,0,0,0.0,,0
1,0,1,1140,9,10,0,0,0,0,0.0,,0
0,1,1,95,9,5,0,0,0,0,0.0,,0
0,1,1,2225,9,10,0,0,0,0,0.0,,1
0,1,1,945,9,10,0,0,0,0,0.0,,1
0,0,1,2187,5,9,60,110,20,150,0.0,,0
0,1,1,76,6,9,70,90,40,50,0.0,,0
0,0,1,2391,9,10,130,60,10,30,639.0,,1
0,0,1,1147,7,9,60,160,40,70,0.0,,0
0,0,1,390,9,10,10,60,20,10,0.0,,1
0,0,1,1126,7,9,10,80,10,20,0.0,,0
0,0,1,390,9,3,0,0,0,0,0.0,,0
0,1,1,135,4,9,0,0,0,0,0.0,,0
0,0,1,70,9,1,0,0,0,0,0.0,,0
1,1,1,2392,10,9,0,0,0,0,0.0,,1
0,1,1,246,9,4,0,0,0,0,0.0,,0
1,0,1,7,5,9,0,0,0,0,0.0,,0
1,0,1,7,9,1,100,160,60,60,0.0,,1
0,0,0,1156,3,9,10,20,10,10,0.0,,0
1,1,0,129,10,9,0,0,0,0,71.0,,1
1,0,1,1123,3,9,0,0,0,0,0.0,,0
0,0,1,2211,9,1,0,0,0,0,0.0,,0
0,0,1,230,9,1,0,0,0,0,0.0,,0
1,0,1,804,5,9,0,0,0,0,77.0,,0
0,1,1,2294,9,1,10,80,40,10,0.0,,0
0,1,1,95,3,9,0,0,0,0,0.0,,0
1,1,0,1162,9,8,0,0,0,0,74.0,,0
1,1,1,526,3,9,0,0,0,0,76.0,,0
1,0,0,1163,7,9,0,0,0,0,0.0,,0
0,0,1,760,10,9,0,0,0,0,0.0,,1
0,1,1,472,9,7,40,60,40,10,0.0,,0
0,1,1,37,5,9,0,0,0,0,0.0,,0
0,1,1,1165,9,5,0,0,0,0,0.0,,1
1,1,1,1179,9,10,0,0,0,0,0.0,,1
1,1,1,2210,9,1,0,0,0,0,0.0,,1
0,1,1,144,9,7,0,0,0,0,0.0,,0
1,1,1,978,9,10,0,0,0,0,0.0,,0
0,0,1,104,9,7,0,0,0,0,0.0,,0
0,1,1,76,9,1,0,0,0,0,0.0,,0
0,0,1,688,9,10,10,60,10,40,0.0,,0
0,1,1,389,6,9,0,0,0,0,0.0,,0
0,0,1,1138,9,7,0,0,0,0,0.0,,0
0,1,1,187,7,9,0,0,0,0,0.0,,0
0,1,0,2388,7,9,0,0,0,0,0.0,,0
1,1,1,137,9,3,0,0,0,0,0.0,,1
0,1,1,1195,9,3,0,0,0,0,0.0,,1
0,1,1,1195,9,10,0,0,0,0,0.0,,1
1,1,1,1196,9,3,0,0,0,0,0.0,,1
0,0,0,1197,9,1,0,0,0,0,0.0,,0
0,1,1,1198,10,9,0,0,0,0,0.0,,1
0,1,1,2207,9,7,0,0,0,0,0.0,,1
1,1,1,2209,9,1,0,0,0,0,0.0,,1
1,1,1,1202,9,4,0,0,0,0,0.0,,0
1,0,1,162,11,9,0,0,0,0,82.0,,0
0,1,1,110,10,9,0,0,0,0,0.0,,1
0,1,1,389,6,9,70,90,40,30,0.0,,1
0,0,1,498,10,9,0,0,0,0,0.0,,1
0,0,1,249,9,10,20,70,10,10,0.0,,0
0,1,1,367,9,3,50,40,20,20,0.0,,0
0,1,1,343,4,9,0,0,0,0,0.0,,0
0,0,1,2211,9,10,0,0,0,0,0.0,,0
0,1,1,144,9,3,0,0,0,0,0.0,,0
0,1,1,2399,9,5,0,0,0,0,0.0,,0
0,1,1,205,9,10,0,0,0,0,0.0,,0
0,1,1,2400,9,10,100,120,30,50,0.0,,1
1,0,1,2192,9,7,100,190,150,180,0.0,,1
0,0,1,105,6,9,100,90,50,50,0.0,,1
0,1,1,776,9,3,10,10,20,10,0.0,,0
0,1,1,1217,7,9,170,130,120,100,224.0,,0
0,1,1,808,10,9,40,50,120,50,181.0,,1
0,1,1,215,9,10,170,70,90,130,0.0,,1
0,0,1,1044,10,9,80,20,20,40,0.0,,1
0,1,1,894,4,9,10,60,20,40,0.0,,0
0,0,1,489,9,7,0,0,0,0,0.0,,0
0,1,1,323,4,9,0,0,0,0,0.0,,0
0,1,1,932,9,4,0,0,0,0,0.0,,0
1,0,1,1231,9,10,10,10,20,30,0.0,,0
1,1,1,148,9,1,100,70,60,110,0.0,,0
0,1,1,1232,7,9,20,70,90,10,0.0,,0
0,1,1,776,4,9,20,20,30,20,41.0,,0
0,0,1,132,7,9,10,20,10,60,0.0,,0
0,1,1,932,3,9,30,60,120,160,278.0,,0
0,1,1,889,10,9,10,10,20,20,54.0,,1
1,1,1,1237,6,9,130,100,70,110,0.0,,0
0,0,0,1241,3,9,10,120,40,10,61.0,,0
1,1,1,1199,7,9,20,90,30,180,263.0,,0
0,1,1,1242,9,4,0,0,0,0,0.0,,0
0,1,1,318,7,9,30,110,60,10,53.0,,0
0,1,1,95,5,9,0,0,0,0,0.0,,0
0,0,1,2303,7,9,10,10,10,10,0.0,,0
0,1,0,1244,3,9,100,30,20,20,0.0,,0
0,0,1,2403,4,9,40,20,120,10,44.0,,0
0,1,0,673,7,9,0,0,0,0,0.0,,0
1,0,1,67,3,9,10,70,30,30,0.0,,0
0,0,0,1246,9,10,30,40,10,10,54.0,,1
1,1,1,1247,9,10,0,0,0,0,0.0,,0
0,0,1,1248,9,1,20,10,10,30,0.0,,0
0,1,1,1249,9,1,10,10,10,10,0.0,,0
0,0,0,1251,5,9,100,110,30,10,54.0,,0
0,1,1,1252,7,9,100,90,60,40,0.0,,1
0,1,1,1258,5,9,80,160,60,170,0.0,,0
0,1,1,231,3,9,10,50,20,30,0.0,,0
0,1,1,1260,9,10,10,60,20,10,0.0,,0
1,0,1,1263,3,9,150,60,60,150,45.0,,0
1,0,1,32,9,10,0,0,0,0,63.0,,1
0,1,0,1268,10,9,20,20,60,10,68.0,,1
0,1,1,544,9,7,10,90,30,50,0.0,,0
0,1,1,184,9,1,10,30,10,20,0.0,,0
0,0,1,506,7,9,100,50,90,10,0.0,,1
1,1,1,479,5,9,0,0,0,0,0.0,,0
0,1,0,673,7,9,10,90,60,40,0.0,,1
1,1,1,163,6,9,150,160,100,150,295.0,,0
0,0,1,498,7,9,0,0,0,0,0.0,,0
0,1,1,1249,9,3,10,20,20,30,0.0,,0
0,0,1,2213,9,3,80,60,30,40,54.0,,0
0,1,1,1279,10,9,80,10,20,10,0.0,,0
0,1,1,2204,9,10,30,130,150,30,0.0,,1
0,1,1,1280,9,7,60,60,30,10,0.0,,0
0,0,1,1281,10,9,80,60,120,50,0.0,,1
0,0,1,2213,3,9,10,30,10,30,0.0,,0
0,1,1,586,6,9,100,110,40,30,0.0,,0
0,1,1,411,9,1,180,170,170,160,0.0,,1
0,0,1,1292,3,9,60,50,170,150,0.0,,0
1,0,1,1300,6,9,0,0,0,0,0.0,,0
0,1,1,773,6,9,30,90,50,40,0.0,,0
0,0,1,18,6,9,60,80,20,80,0.0,,0
0,0,1,357,10,9,60,50,90,30,0.0,,0
1,1,1,97,6,9,120,110,70,140,0.0,,0
1,1,1,1306,6,9,90,90,60,60,0.0,,0
1,1,1,288,6,9,90,80,30,90,65.0,,0
0,1,1,95,9,3,20,100,90,10,51.0,,0
0,1,1,218,4,9,10,30,30,10,0.0,,0
0,1,1,1309,9,3,10,10,10,10,0.0,,0
0,1,1,1310,9,10,100,40,40,180,0.0,,1
0,1,1,564,9,10,30,70,60,40,50.0,,1
1,1,1,2413,9,10,20,30,30,20,18.0,,1
0,1,1,322,9,10,10,10,30,10,0.0,,1
0,1,1,721,9,1,30,30,40,20,0.0,,0
1,0,1,2247,2,9,10,60,40,30,0.0,,0
0,1,1,930,3,9,20,160,20,10,45.0,,0
1,0,1,1140,9,10,20,20,60,70,32.0,,1
0,1,1,721,9,10,70,130,90,20,0.0,,1
0,1,1,347,9,10,0,0,0,0,0.0,,0
0,0,1,1321,4,9,10,10,10,100,0.0,,0
0,0,1,980,9,1,10,10,20,10,0.0,,0
0,1,1,1322,7,9,60,160,120,40,0.0,,1
0,1,1,318,7,9,30,20,120,20,0.0,,0
0,0,1,420,9,10,80,10,30,10,58.0,,1
0,0,1,1327,9,3,30,10,20,60,60.0,,0
0,1,1,454,3,9,20,80,20,50,34.0,,0
0,0,1,369,3,9,80,60,40,40,51.0,,0
1,0,1,119,9,10,10,30,120,20,0.0,,1
0,0,0,1330,9,3,20,30,30,10,0.0,,0
0,0,0,1334,9,10,10,100,20,30,0.0,,0
0,1,1,195,4,9,10,140,90,160,0.0,,0
0,1,1,823,9,4,10,60,60,20,62.0,,0
0,0,1,407,10,9,10,70,120,60,0.0,,0
0,0,1,1301,7,9,10,40,10,10,0.0,,0
0,1,1,1309,9,3,10,20,30,20,0.0,,0
1,1,1,1343,2,9,10,30,30,10,0.0,,0
0,0,0,1344,9,10,150,90,30,50,0.0,,1
0,1,1,187,2,9,80,140,150,110,76.0,,0
0,0,1,1292,7,9,180,180,60,130,78.0,,0
1,1,1,1346,9,10,170,130,90,150,0.0,,1
0,0,1,1347,5,9,20,100,30,20,0.0,,0
0,1,1,2198,9,10,20,30,30,20,31.0,,1
0,0,0,2417,9,10,10,20,20,10,0.0,,1
1,1,1,288,9,10,170,80,120,130,0.0,,1
0,1,1,135,10,9,150,90,170,140,49.0,,1
0,1,0,2348,9,10,10,70,10,40,0.0,,0
0,1,1,878,3,9,0,0,0,0,0.0,,0
0,1,1,1351,7,9,10,30,20,110,45.0,,0
0,0,1,1352,3,9,10,20,10,40,0.0,,0
0,0,1,1354,10,9,100,60,10,80,0.0,,0
0,1,1,144,7,9,10,60,30,50,0.0,,0
1,0,1,35,9,1,20,60,40,70,0.0,,0
0,1,1,2206,9,10,10,20,20,10,0.0,,0
0,0,1,1359,9,1,30,20,90,40,0.0,,0
0,0,1,764,10,9,100,110,90,40,71.0,,1
0,1,1,360,4,9,40,90,90,20,40.0,,0
1,0,1,7,3,9,80,140,90,120,5.0,,0
1,0,1,26,7,9,80,110,150,180,247.0,,0
0,1,1,1363,5,9,10,80,40,20,45.0,,0
0,0,1,286,9,10,80,130,60,80,0.0,,1
0,1,0,1364,10,9,10,130,90,10,56.0,,1
0,0,1,104,4,9,60,130,170,40,65.0,,0
0,0,1,407,10,9,0,0,0,0,0.0,,0
0,1,0,1366,9,10,10,10,20,10,5.0,,1
0,1,1,1108,9,4,0,0,0,0,0.0,,0
0,1,1,878,3,9,80,40,40,110,0.0,,0
0,1,1,144,7,9,120,130,70,50,44.0,,0
0,0,1,38,9,1,100,100,40,10,0.0,,0
1,0,0,1374,3,9,10,60,20,10,0.0,,0
1,1,1,1376,7,9,0,0,0,0,0.0,,0
1,0,1,616,9,1,0,0,0,0,0.0,,0
1,0,1,616,9,1,0,0,0,0,0.0,,0
1,0,1,0,9,7,0,0,0,0,0.0,,1
1,0,1,1020,3,9,0,0,0,0,0.0,,0
1,0,1,2421,9,1,0,0,0,0,0.0,,1
1,0,1,35,9,3,0,0,0,0,0.0,,1
1,0,1,16,9,1,0,0,0,0,0.0,,0
1,0,1,67,9,1,0,0,0,0,0.0,,1
1,0,1,67,10,9,0,0,0,0,0.0,,1
0,0,1,414,10,9,0,0,0,0,0.0,,1
1,0,1,16,9,3,0,0,0,0,0.0,,0
1,1,1,800,10,9,0,0,0,0,0.0,,1
0,0,1,2211,9,1,0,0,0,0,0.0,,0
0,1,1,148,6,9,100,90,60,100,0.0,,1
1,0,1,7,9,1,0,0,0,0,0.0,,1
1,0,1,35,9,10,0,0,0,0,0.0,,0
1,0,1,1385,9,1,0,0,0,0,0.0,,0
1,0,1,26,9,10,0,0,0,0,0.0,,1
0,0,1,1298,9,10,0,0,0,0,59.0,,1
0,0,1,1298,9,10,0,0,0,0,0.0,,1
0,0,1,196,9,10,0,0,0,0,0.0,,0
1,0,1,16,10,9,0,0,0,0,28.0,,1
1,0,1,20,9,4,0,0,0,0,0.0,,1
1,0,1,2196,9,1,0,0,0,0,0.0,,0
1,0,1,7,3,9,150,150,120,160,0.0,,0
1,0,1,198,9,10,0,0,0,0,0.0,,1
1,0,1,7,7,9,0,0,0,0,0.0,,0
0,0,1,61,5,9,0,0,0,0,0.0,,0
1,0,1,59,9,1,0,0,0,0,0.0,,0
1,0,1,35,5,9,0,0,0,0,73.0,,0
1,0,1,45,9,7,60,170,90,170,0.0,,1
1,0,1,26,6,9,70,110,40,50,0.0,,0
1,1,0,133,9,3,0,0,0,0,0.0,,0
1,0,1,16,7,9,0,0,0,0,0.0,,0
1,1,1,52,9,10,0,0,0,0,0.0,,1
0,0,0,1388,9,8,0,0,0,0,0.0,,1
1,1,1,434,9,10,0,0,0,0,0.0,,1
1,0,1,32,9,3,0,0,0,0,0.0,,1
1,1,1,1392,9,1,0,0,0,0,0.0,,1
1,1,0,2424,9,1,0,0,0,0,0.0,,1
1,1,1,810,9,1,0,0,0,0,0.0,,1
1,0,1,32,9,10,0,0,0,0,0.0,,1
0,0,1,2426,10,9,0,0,0,0,0.0,,1
0,0,1,77,5,9,0,0,0,0,0.0,,0
0,1,1,1409,7,9,0,0,0,0,0.0,,0
1,1,1,235,4,9,0,0,0,0,46.0,,0
1,0,1,55,9,10,0,0,0,0,0.0,,0
0,0,1,29,9,7,0,0,0,0,0.0,,1
1,0,1,162,6,9,90,90,90,70,0.0,,1
0,0,1,2211,6,9,90,90,20,30,0.0,,0
0,1,0,1413,9,4,0,0,0,0,0.0,,0
1,0,0,1027,9,1,0,0,0,0,0.0,,0
0,1,1,94,8,9,0,0,0,0,59.0,,0
0,0,1,1415,8,9,0,0,0,0,0.0,,0
1,1,1,820,9,1,0,0,0,0,0.0,,1
0,1,1,0,10,9,0,0,0,0,57.0,,1
1,0,1,16,6,9,60,90,20,50,0.0,,0
1,0,1,24,7,9,0,0,0,0,53.0,,0
0,0,1,2429,6,9,90,100,40,50,0.0,,0
0,0,1,2261,9,1,0,0,0,0,0.0,,1
1,0,1,26,9,1,0,0,0,0,0.0,,0
1,0,1,2432,9,1,0,0,0,0,0.0,,1
1,0,1,1422,9,10,0,0,0,0,0.0,,0
1,1,1,2433,10,9,0,0,0,0,22.0,,1
1,1,1,1185,10,9,0,0,0,0,0.0,,1
0,0,1,77,9,1,0,0,0,0,0.0,,0
1,1,1,800,10,9,0,0,0,0,68.0,,1
1,1,1,474,9,1,0,0,0,0,0.0,,1
1,1,1,1427,3,9,0,0,0,0,0.0,,0
0,1,1,184,9,10,0,0,0,0,0.0,,0
1,1,1,57,4,9,0,0,0,0,0.0,,0
0,1,1,490,9,3,0,0,0,0,0.0,,0
1,1,1,434,3,9,0,0,0,0,0.0,,0
1,1,1,139,9,10,0,0,0,0,0.0,,1
1,0,1,1415,8,9,0,0,0,0,53.0,,0
0,1,1,845,7,9,0,0,0,0,0.0,,0
0,1,1,95,7,9,0,0,0,0,0.0,,0
0,1,1,144,7,9,0,0,0,0,0.0,,0
1,0,1,984,9,1,0,0,0,0,0.0,,0
0,0,1,1083,9,1,0,0,0,0,0.0,,0
1,1,1,522,5,9,0,0,0,0,65.0,,0
1,0,1,185,9,1,0,0,0,0,0.0,,0
1,1,1,2359,9,6,0,0,0,0,0.0,,1
0,1,0,1436,10,9,0,0,0,0,0.0,,1
0,1,0,1439,9,8,0,0,0,0,0.0,,1
0,1,1,1440,9,1,0,0,0,0,0.0,,1
0,0,1,2213,9,3,0,0,0,0,24.0,,0
0,1,1,194,9,1,0,0,0,0,0.0,,1
1,1,1,226,10,9,40,90,90,140,26.0,,1
0,1,1,472,9,1,0,0,0,0,0.0,,0
0,1,1,461,4,9,0,0,0,0,0.0,,0
0,1,1,145,6,9,0,0,0,0,0.0,,0
0,1,0,2348,9,1,0,0,0,0,0.0,,1
1,1,1,303,6,9,170,100,120,150,332.0,,0
0,1,1,461,9,10,0,0,0,0,0.0,,1
1,1,1,116,9,1,0,0,0,0,0.0,,1
1,1,1,1456,6,9,60,100,90,50,0.0,,1
1,0,1,558,7,9,60,100,150,10,0.0,,0
1,1,1,72,10,9,0,0,0,0,0.0,,0
1,1,1,126,9,1,0,0,0,0,0.0,,1
1,1,1,651,9,5,0,0,0,0,0.0,,1
1,1,1,590,9,10,0,0,0,0,0.0,,1
0,0,1,735,9,8,0,0,0,0,0.0,,0
0,1,0,1223,7,9,0,0,0,0,0.0,,0
1,1,1,1463,10,9,30,10,90,20,0.0,,1
0,0,1,105,7,9,0,0,0,0,0.0,,0
0,0,1,645,7,9,0,0,0,0,0.0,,0
0,1,0,2279,10,9,0,0,0,0,0.0,,0
0,1,1,878,4,9,0,0,0,0,0.0,,0
0,1,1,426,3,9,0,0,0,0,0.0,,0
0,1,1,461,3,9,0,0,0,0,0.0,,0
1,1,1,395,6,9,160,120,80,120,27.0,,0
1,0,1,16,9,1,0,0,0,0,0.0,,0
1,0,1,8,6,9,130,100,80,80,0.0,,1
0,1,1,81,6,9,160,110,100,160,0.0,,1
1,0,0,1475,9,3,20,10,40,70,0.0,,1
1,0,1,16,3,9,0,0,0,0,0.0,,0
0,1,1,367,9,7,20,80,40,10,0.0,,0
1,0,0,531,9,3,40,20,30,10,0.0,,0
0,1,1,1477,7,9,0,0,0,0,0.0,,0
0,0,0,1383,9,10,0,0,0,0,0.0,,0
0,0,1,70,9,10,0,0,0,0,0.0,,1
1,0,1,63,11,9,0,0,0,0,0.0,,0
0,0,1,888,5,9,0,0,0,0,0.0,,0
0,1,1,725,9,1,0,0,0,0,0.0,,1
0,0,1,2211,9,3,20,30,30,10,0.0,,0
0,1,1,472,9,1,20,20,60,10,0.0,,0
0,1,1,574,9,10,10,20,10,10,53.0,,1
0,0,0,1367,9,10,60,10,30,20,65.0,,1
0,1,1,79,6,9,100,110,90,70,0.0,,1
1,1,1,72,10,9,150,130,180,170,68.0,,1
0,1,0,1492,9,1,0,0,0,0,0.0,,0
1,1,1,325,10,9,0,0,0,0,0.0,,1
1,0,1,1278,9,3,0,0,0,0,0.0,,1
0,1,1,135,6,9,40,80,50,50,0.0,,0
0,0,1,697,9,1,0,0,0,0,0.0,,1
0,1,1,686,7,9,10,10,10,10,0.0,,0
0,0,1,2213,4,9,20,10,90,30,0.0,,0
0,0,1,69,4,9,10,70,40,20,0.0,,0
0,1,1,1504,9,10,10,50,60,10,0.0,,1
1,1,0,2441,2,9,100,60,60,150,0.0,,0
0,0,1,1292,9,10,80,40,90,70,0.0,,1
1,1,0,1507,9,10,0,0,0,0,46.0,,1
0,1,1,724,7,9,0,0,0,0,0.0,,0
0,0,1,63,9,10,10,10,10,40,0.0,,0
1,1,1,1512,2,9,100,180,170,40,27.0,,0
1,0,1,2213,9,8,30,50,60,100,48.0,,0
1,1,1,0,9,1,0,0,0,0,31.0,,1
0,1,1,1519,6,9,100,70,50,50,0.0,,0
0,1,1,347,7,9,0,0,0,0,0.0,,0
0,1,1,347,9,8,0,0,0,0,0.0,,0
1,0,1,35,9,10,10,20,20,20,0.0,,0
0,1,1,145,6,9,130,100,50,90,28.0,,0
1,0,1,16,9,5,0,0,0,0,0.0,,1
0,1,1,168,10,9,10,30,20,20,0.0,,0
0,0,1,207,10,9,0,0,0,0,0.0,,1
0,0,0,1080,9,1,0,0,0,0,0.0,,0
1,0,1,8,9,1,0,0,0,0,0.0,,0
0,1,1,343,9,10,0,0,0,0,0.0,,1
0,1,1,1528,9,3,10,20,10,10,0.0,,0
1,1,0,1529,9,10,0,0,0,0,0.0,,1
1,1,1,1537,9,10,0,0,0,0,0.0,,1
1,1,1,1541,9,8,0,0,0,0,0.0,,0
1,0,1,35,9,10,0,0,0,0,0.0,,1
0,1,1,1528,9,10,40,20,20,90,4.0,,1
1,1,1,1543,9,1,0,0,0,0,0.0,,0
0,1,1,343,9,1,0,0,0,0,0.0,,0
0,0,1,77,10,9,0,0,0,0,0.0,,1
0,1,1,1108,7,9,0,0,0,0,0.0,,0
0,1,1,5,9,1,10,20,10,30,0.0,,0
0,1,0,2388,7,9,0,0,0,0,0.0,,0
1,0,1,1415,9,1,0,0,0,0,0.0,,1
0,0,1,896,9,7,0,0,0,0,0.0,,1
0,1,1,279,9,10,0,0,0,0,0.0,,1
1,0,1,63,3,9,0,0,0,0,0.0,,0
0,1,1,272,5,9,0,0,0,0,0.0,,0
0,1,1,378,9,1,0,0,0,0,0.0,,1
0,1,1,324,9,1,0,0,0,0,0.0,,1
0,0,1,180,9,1,0,0,0,0,0.0,,0
0,0,1,2211,9,8,60,30,60,10,0.0,,0
0,1,1,1567,9,1,10,110,10,10,0.0,,0
1,0,1,38,3,9,80,80,120,20,0.0,,0
0,1,1,347,10,9,170,80,120,110,7.0,,1
1,0,1,299,9,10,20,90,40,60,0.0,,1
1,0,0,1163,9,1,80,30,90,80,0.0,,0
0,0,1,1573,9,10,0,0,0,0,0.0,,0
0,0,1,2237,6,9,0,0,0,0,0.0,,0
0,0,0,0,9,1,30,60,40,40,0.0,,0
0,1,0,1581,9,3,10,10,10,40,0.0,,0
0,1,1,2453,9,1,30,80,20,40,0.0,,0
0,1,1,246,9,7,10,30,20,20,0.0,,0
0,1,1,145,3,9,0,0,0,0,0.0,,0
0,1,1,1587,3,9,10,10,10,40,0.0,,0
0,1,1,2457,10,9,10,60,10,20,0.0,,1
0,1,0,2388,7,9,10,80,20,10,0.0,,0
0,0,1,1593,10,9,20,160,150,120,0.0,,1
1,0,1,854,9,1,100,80,180,160,0.0,,0
0,0,0,2459,3,9,60,40,40,40,0.0,,0
1,1,1,95,9,10,10,10,40,50,0.0,,0
1,1,1,2318,10,9,20,120,60,70,0.0,,1
0,1,0,1492,9,10,10,10,10,10,0.0,,1
0,0,1,180,7,9,20,10,40,30,0.0,,0
1,0,1,35,9,10,10,100,10,10,0.0,,1
0,0,1,108,4,9,40,60,30,20,0.0,,0
0,0,1,562,3,9,20,30,20,10,0.0,,0
0,1,1,2225,7,9,10,30,30,30,0.0,,0
0,1,1,2225,4,9,0,0,0,0,0.0,,0
0,1,0,2388,10,9,100,50,20,60,0.0,,0
1,1,1,221,9,10,130,90,60,30,0.0,,1
0,0,1,2237,9,1,0,0,0,0,0.0,,0
0,1,1,1605,7,9,180,10,120,60,0.0,,0
1,1,1,343,9,10,130,20,30,10,0.0,,0
0,1,0,1606,9,10,10,30,10,10,0.0,,1
0,0,1,104,7,9,10,60,40,70,282.0,,0
0,0,0,562,9,3,10,40,40,10,49.0,,0
0,0,1,380,9,10,10,110,30,10,0.0,,1
0,0,1,1284,9,7,10,50,90,10,0.0,,0
0,1,1,184,9,4,0,0,0,0,0.0,,0
0,1,1,1540,5,9,40,70,30,160,249.0,,0
0,1,1,94,9,10,10,90,40,30,0.0,,1
0,0,1,760,3,9,20,60,30,50,0.0,,0
0,1,1,184,10,9,60,120,90,70,0.0,,1
0,0,1,760,9,10,0,0,0,0,0.0,,0
0,0,0,382,7,9,20,80,20,30,0.0,,0
0,1,0,1413,9,7,0,0,0,0,0.0,,0
0,1,1,797,9,1,10,10,40,50,0.0,,0
0,1,0,1413,9,8,20,20,10,10,0.0,,0
0,0,1,79,9,10,10,130,10,40,0.0,,1
0,0,1,399,9,10,0,0,0,0,0.0,,0
1,0,1,20,9,1,100,130,90,140,0.0,,1
0,1,1,144,9,7,10,10,10,10,0.0,,0
0,1,1,156,10,9,0,0,0,0,0.0,,0
0,0,1,92,9,3,10,120,20,50,0.0,,0
0,1,1,1619,3,9,10,110,120,30,0.0,,0
0,1,1,144,9,10,20,30,60,40,0.0,,1
1,1,1,2467,2,9,10,60,60,170,0.0,,0
1,1,1,2322,9,4,130,80,30,130,0.0,,1
0,0,0,1623,9,10,10,30,40,10,49.0,,1
0,1,1,454,2,9,20,70,150,130,0.0,,0
1,1,1,116,9,10,180,130,60,160,0.0,,1
0,0,1,380,6,9,60,100,60,40,0.0,,1
0,0,1,875,9,10,60,60,30,70,0.0,,1
0,0,1,229,9,10,0,0,0,0,0.0,,0
0,0,1,63,3,9,10,130,90,70,0.0,,0
0,1,1,1629,9,4,10,110,30,40,0.0,,0
0,1,1,1631,9,4,20,30,40,50,0.0,,0
0,1,1,1633,3,9,20,100,20,10,0.0,,0
0,0,1,380,7,9,40,60,40,80,0.0,,0
0,0,1,180,9,7,20,60,40,70,0.0,,0
0,1,1,2225,9,10,20,130,60,10,0.0,,0
0,0,1,63,3,9,10,30,30,70,0.0,,0
0,1,1,241,7,9,60,120,90,180,0.0,,0
0,0,1,1638,9,1,20,40,40,50,0.0,,0
1,1,1,65,5,9,180,130,150,130,0.0,,0
0,0,1,1284,9,7,40,80,120,10,0.0,,0
0,1,1,205,5,9,30,70,10,10,0.0,,0
0,1,1,110,7,9,0,0,0,0,0.0,,0
0,1,1,148,6,9,20,60,50,40,0.0,,0
0,1,1,881,10,9,60,100,60,80,0.0,,1
0,1,1,1647,5,9,100,120,90,40,44.0,,0
0,1,1,1651,6,9,70,140,70,60,0.0,,0
0,0,1,760,7,9,40,80,40,120,0.0,,0
1,1,1,79,5,9,130,150,90,50,0.0,,0
1,0,1,2213,9,7,40,100,60,20,0.0,,0
0,1,1,205,9,7,10,60,10,30,0.0,,0
0,0,1,891,9,10,0,0,0,0,0.0,,0
0,1,1,1085,6,9,70,90,40,60,0.0,,1
1,1,1,231,6,9,90,140,70,90,0.0,,1
1,0,1,7,4,9,30,110,60,20,50.0,,0
0,0,1,1301,9,8,60,60,120,60,0.0,,0
0,1,1,942,9,10,30,30,60,50,0.0,,1
1,1,0,129,9,10,100,140,120,180,0.0,,1
0,1,1,195,6,9,70,90,20,50,0.0,,1
1,1,1,1664,6,9,120,90,60,90,0.0,,1
0,1,1,205,6,9,60,140,80,90,0.0,,1
0,1,1,1671,6,9,120,90,70,80,0.0,,1
0,1,1,0,6,9,150,90,70,80,0.0,,1
0,0,0,2237,9,1,10,30,10,10,0.0,,0
0,1,1,724,9,10,10,20,30,10,0.0,,0
0,0,1,751,9,3,10,150,60,40,0.0,,0
0,1,1,1409,9,10,30,60,10,50,0.0,,1
0,0,1,105,7,9,30,80,170,110,0.0,,0
0,1,0,1678,9,1,10,10,10,10,0.0,,0
1,0,0,2473,10,9,60,120,120,180,0.0,,1
0,1,0,2330,7,9,80,40,40,20,0.0,,0
1,1,1,702,9,10,10,130,20,30,0.0,,1
0,1,1,409,7,9,10,30,10,10,0.0,,0
1,1,1,522,7,9,0,0,0,0,0.0,,0
0,1,1,1072,3,9,10,30,20,170,33.0,,0
0,1,1,1619,10,9,0,0,0,0,0.0,,0
1,1,1,199,7,9,150,90,170,80,0.0,,0
0,1,1,1681,9,1,20,40,10,50,0.0,,0
1,0,1,2213,7,9,0,0,0,0,0.0,,0
0,1,0,1369,10,9,30,60,20,50,0.0,,1
0,1,0,2330,7,9,0,0,0,0,0.0,,0
0,0,1,760,7,9,170,170,150,170,58.0,,0
0,0,1,0,9,10,20,60,90,40,0.0,,1
0,1,1,2248,7,9,130,150,40,180,46.0,,0
0,0,0,1687,9,1,80,30,30,10,0.0,,0
0,1,1,1143,5,9,150,40,190,170,75.0,,0
0,1,1,1689,4,9,0,0,0,0,0.0,,0
0,1,1,1690,9,3,40,20,60,60,60.0,,0
0,1,1,955,3,9,10,20,20,10,0.0,,0
0,0,1,399,3,9,80,150,150,150,0.0,,0
0,0,0,1693,4,9,60,70,60,60,0.0,,0
0,1,1,1695,9,10,150,90,120,100,0.0,,1
1,1,1,1698,3,9,80,40,30,40,0.0,,0
0,1,0,1701,4,9,10,60,10,30,0.0,,0
1,1,1,2478,7,9,100,80,90,70,0.0,,0
1,1,1,2479,3,9,30,120,120,60,0.0,,0
0,0,1,2213,9,10,10,30,60,80,0.0,,1
0,1,1,1704,10,9,0,0,0,0,0.0,,0
0,1,1,889,3,9,150,50,150,60,0.0,,0
1,0,1,8,9,1,10,50,10,40,0.0,,0
0,1,1,2481,9,10,10,10,10,10,0.0,,0
0,0,0,1708,7,9,10,10,10,10,0.0,,0
0,0,1,875,9,3,10,10,20,70,0.0,,0
0,1,1,1085,9,10,0,0,0,0,0.0,,0
0,1,1,1275,7,9,0,0,0,0,0.0,,0
0,1,1,1671,9,3,0,0,0,0,0.0,,0
0,1,1,1712,9,10,10,80,10,80,0.0,,1
0,1,1,2237,4,9,0,0,0,0,0.0,,0
1,0,1,2227,3,9,130,80,110,50,0.0,,0
0,1,0,1715,3,9,10,60,20,10,59.0,,0
0,1,1,2243,3,9,10,50,20,130,47.0,,0
0,1,1,409,7,9,70,70,90,40,0.0,,0
0,0,1,2213,5,9,60,100,120,70,0.0,,0
0,0,1,2213,5,9,150,40,90,100,0.0,,0
0,1,1,860,9,4,0,0,0,0,0.0,,0
0,1,1,860,4,9,0,0,0,0,0.0,,0
0,1,1,2225,9,1,60,10,10,40,0.0,,0
1,0,1,1638,5,9,130,120,120,120,65.0,,0
0,1,1,479,5,9,20,70,30,120,302.0,,0
0,1,1,899,10,9,30,20,40,60,66.0,,1
0,1,0,1583,9,10,60,80,10,30,0.0,,0
0,1,0,1721,9,1,40,70,30,40,262.0,,0
0,1,0,1722,10,9,20,30,120,20,0.0,,1
0,1,1,480,9,10,80,10,90,60,0.0,,1
1,1,1,139,10,9,60,130,150,150,24.0,,1
1,1,1,94,4,9,10,90,20,10,174.0,,0
0,1,1,889,10,9,10,30,10,70,0.0,,1
1,1,0,192,9,1,40,50,10,30,0.0,,0
0,1,1,1724,9,4,10,10,10,10,0.0,,0
1,0,1,16,9,4,10,30,10,70,0.0,,0
0,0,1,2001,7,9,10,70,10,30,0.0,,0
0,1,1,241,4,9,10,60,10,20,0.0,,0
0,1,1,889,9,10,10,10,0,100,44.0,,1
1,1,1,473,9,3,0,0,0,0,22.0,,1
1,0,1,14,9,1,0,0,0,0,0.0,,1
1,0,1,14,9,1,0,0,0,0,0.0,,1
1,0,1,11,9,10,30,10,60,60,28.0,,1
1,0,1,2237,9,10,80,120,150,190,32.0,,1
1,0,1,11,9,10,0,0,0,0,0.0,,1
1,0,1,11,9,10,0,0,0,0,0.0,,1
1,0,1,2237,9,1,0,0,0,0,0.0,,1
1,0,1,35,9,1,0,0,0,0,0.0,,1
1,0,1,20,9,1,0,0,0,0,0.0,,1
1,0,1,7,9,1,0,0,0,0,0.0,,1
1,0,1,2192,9,10,10,80,30,120,0.0,,1
0,0,1,68,9,1,0,0,0,0,0.0,,1
1,0,1,35,9,10,0,0,0,0,0.0,,1
0,1,1,347,9,4,0,0,0,0,0.0,,1
0,0,1,88,9,3,0,0,0,0,0.0,,1
1,0,1,7,9,1,0,0,0,0,0.0,,1
1,0,1,56,9,10,0,0,0,0,0.0,,1
1,0,1,2237,9,4,0,0,0,0,0.0,,1
1,1,1,160,9,10,0,0,0,0,0.0,,1
1,0,0,1738,9,1,0,0,0,0,58.0,,1
1,0,1,35,9,1,0,0,0,0,346.0,,1
1,0,1,558,9,3,20,50,120,10,0.0,,1
1,0,0,2220,9,1,0,0,0,0,0.0,,1
1,1,1,51,9,1,0,0,0,0,32.0,,1
1,0,1,16,9,10,0,0,0,0,0.0,,1
1,0,1,1438,9,1,0,0,0,0,0.0,,1
0,1,1,992,9,1,0,0,0,0,0.0,,1
1,0,1,468,9,1,0,0,0,0,0.0,,1
1,0,1,468,9,10,0,0,0,0,0.0,,1
1,0,1,468,9,10,0,0,0,0,28.0,,1
0,1,1,337,9,4,0,0,0,0,0.0,,1
1,0,0,1475,9,10,0,0,0,0,0.0,,1
1,0,1,2237,9,4,0,0,0,0,0.0,,1
1,0,1,87,9,1,0,0,0,0,0.0,,1
0,1,1,156,9,10,0,0,0,0,0.0,,1
0,1,1,125,9,7,0,0,0,0,0.0,,1
1,0,0,1163,9,3,0,0,0,0,0.0,,1
1,0,1,8,9,1,0,0,0,0,0.0,,1
1,0,1,35,9,10,0,0,0,0,0.0,,1
0,1,1,1785,9,10,0,0,0,0,63.0,,1
1,0,0,2237,9,1,0,0,0,0,0.0,,1
1,0,0,2237,9,10,0,0,0,0,0.0,,1
0,0,1,2237,9,10,80,60,150,30,0.0,,1
0,0,0,2237,9,1,0,0,0,0,0.0,,1
1,0,1,2237,9,3,180,110,150,180,28.0,,1
0,0,1,104,9,3,60,100,150,60,0.0,,1
1,0,1,2286,9,10,160,150,120,110,0.0,,1
1,1,1,1749,9,10,0,0,0,0,0.0,,1
0,0,1,422,9,10,0,0,0,0,0.0,,1
1,0,1,2213,9,10,30,20,20,40,0.0,,1
0,1,1,135,9,10,0,0,0,0,0.0,,1
0,1,1,195,9,4,0,0,0,0,0.0,,1
0,1,1,1290,9,1,0,0,0,0,30.0,,1
1,1,1,516,9,1,80,60,30,80,0.0,,1
0,1,1,234,9,10,0,0,0,0,0.0,,1
0,0,1,16,9,1,130,80,20,70,0.0,,1
0,1,1,913,9,10,0,0,0,0,0.0,,1
0,1,1,135,9,10,0,0,0,0,0.0,,1
0,0,1,1838,9,10,0,0,0,0,0.0,,1
1,1,1,289,9,10,0,0,0,0,33.0,,1
1,0,1,55,9,1,0,0,0,0,0.0,,1
0,1,1,318,9,10,100,110,30,70,0.0,,1
0,1,1,349,6,9,150,90,90,90,62.0,,1
0,1,1,1201,9,10,130,140,30,60,0.0,,1
0,1,1,1856,9,10,150,40,30,40,64.0,,1
1,0,1,2181,9,1,40,60,170,160,41.0,,1
1,1,1,1343,9,10,30,100,40,50,0.0,,1
0,1,1,1858,9,10,20,70,120,60,0.0,,1
0,0,1,1861,9,1,30,80,150,30,64.0,,1
1,1,1,1179,9,1,150,160,170,180,0.0,,1
1,0,1,7,6,9,90,90,30,60,0.0,,1
0,1,1,472,9,1,170,100,10,180,0.0,,1
1,1,1,47,9,10,130,30,150,150,289.0,,1
0,1,1,187,9,10,10,70,120,20,0.0,,1
0,1,1,755,9,3,90,160,150,180,0.0,,1
0,1,0,1884,9,10,80,60,120,50,278.0,,1
1,1,1,0,6,9,120,110,50,120,0.0,,1
0,1,1,138,9,10,100,60,90,50,76.0,,1
0,1,1,611,9,10,80,60,40,50,0.0,,1
0,0,1,382,9,3,10,20,10,70,0.0,,1
0,0,1,562,9,10,10,60,30,40,0.0,,1
1,0,1,7,9,10,80,100,120,160,0.0,,1
1,1,0,1897,9,5,80,70,120,70,0.0,,1
0,0,0,1443,9,10,60,150,170,50,0.0,,1
0,1,1,1153,9,10,150,60,30,10,56.0,,1
0,1,0,1831,9,4,10,10,10,10,0.0,,1
0,1,0,658,9,10,150,120,150,70,0.0,,1
0,0,0,1905,9,10,10,40,10,10,46.0,,1
0,0,1,500,9,10,130,110,30,160,0.0,,1
1,1,1,0,9,10,180,130,60,180,0.0,,1
0,1,1,2198,9,1,30,80,20,70,0.0,,1
0,1,1,454,9,4,30,150,20,10,0.0,,1
1,1,1,289,9,10,60,100,170,160,0.0,,1
0,0,1,1298,9,10,60,70,120,10,0.0,,1
0,1,1,1923,9,3,20,70,120,60,0.0,,1
0,0,1,682,9,10,10,20,30,170,0.0,,1
0,1,0,583,9,10,80,60,40,40,0.0,,1
0,0,1,602,9,4,80,50,60,40,0.0,,1
1,0,0,102,9,10,130,100,90,80,252.0,,1
0,0,1,399,9,10,130,20,150,80,0.0,,1
0,1,1,1104,9,1,170,170,90,90,0.0,,1
0,1,1,144,9,10,0,0,0,0,26.0,,1
1,0,1,299,9,1,150,80,90,120,33.0,,1
0,1,1,479,9,10,130,30,40,180,34.0,,1
0,1,1,1671,9,10,0,0,0,0,0.0,,1
0,1,1,463,9,10,20,10,120,180,63.0,,1
0,0,1,292,9,3,10,80,120,110,0.0,,1
1,0,1,67,9,10,100,50,60,120,231.0,,1
0,1,1,79,9,4,80,110,120,110,67.0,,1
1,1,1,1772,9,10,170,140,150,180,0.0,,1
1,1,1,578,9,10,0,0,0,0,63.0,,1
1,1,1,691,9,10,40,90,40,130,0.0,,1
1,0,1,11,9,1,0,0,0,0,73.0,,1
1,1,1,1992,9,3,0,0,0,0,0.0,,1
0,1,1,955,9,10,0,0,0,0,0.0,,1
1,0,1,7,9,1,10,60,120,100,0.0,,1
1,0,0,1029,9,4,30,50,30,50,0.0,,1
1,0,1,1729,9,1,180,160,150,140,0.0,,1
1,0,1,1385,8,9,0,0,0,0,0.0,,0
1,0,0,7,9,10,0,0,0,0,0.0,,1
1,0,1,11,9,1,0,0,0,0,0.0,,1
1,0,1,21,9,8,100,180,90,140,0.0,,1
1,0,1,2295,11,9,0,0,0,0,0.0,,0
1,1,0,1733,6,9,0,0,0,0,0.0,,0
1,0,1,468,8,9,0,0,0,0,24.0,,0
0,0,1,2188,10,9,0,0,0,0,0.0,,1
1,0,1,35,5,9,0,0,0,0,0.0,,0
1,0,1,7,8,9,0,0,0,0,0.0,,0
1,0,1,35,9,1,0,0,0,0,0.0,,1
1,0,1,56,9,10,0,0,0,0,0.0,,1
1,0,1,56,7,9,0,0,0,0,0.0,,0
1,0,1,2185,9,8,0,0,0,0,0.0,,1
1,1,1,1014,9,1,0,0,0,0,0.0,,1
1,0,1,7,7,9,0,0,0,0,0.0,,0
0,0,1,7,6,9,50,70,50,80,0.0,,0
1,0,1,26,9,8,0,0,0,0,0.0,,1
1,1,1,693,9,10,0,0,0,0,0.0,,1
1,0,1,20,9,1,0,0,0,0,0.0,,1
0,1,1,2243,9,1,0,0,0,0,0.0,,1
1,0,1,23,9,6,0,0,0,0,36.0,,0
1,1,1,619,6,9,0,0,0,0,0.0,,0
0,0,1,63,9,10,0,0,0,0,0.0,,0
0,1,1,737,7,9,0,0,0,0,0.0,,0
1,0,1,26,10,9,0,0,0,0,0.0,,1
1,0,1,7,9,1,0,0,0,0,0.0,,1
0,0,1,77,4,9,0,0,0,0,0.0,,0
1,1,1,575,6,9,100,100,70,120,0.0,,1
1,0,1,20,9,1,0,0,0,0,0.0,,1
1,0,1,2192,10,9,0,0,0,0,0.0,,1
1,1,1,524,2,9,150,80,170,80,0.0,,0
0,0,1,865,9,10,0,0,0,0,0.0,,1
0,0,1,16,6,9,100,100,60,50,0.0,,0
0,1,1,349,6,9,130,60,70,90,62.0,,1
0,1,1,335,6,9,0,0,0,0,0.0,,0
0,1,1,1504,10,9,0,0,0,0,0.0,,1
1,1,1,1539,6,9,140,90,70,90,0.0,,0
0,1,1,1504,7,9,0,0,0,0,0.0,,0
1,1,1,5,6,9,0,0,0,0,0.0,,0
1,0,1,20,6,9,120,120,70,140,0.0,,1
1,0,0,1753,9,10,0,0,0,0,0.0,,0
1,1,0,1765,8,9,0,0,0,0,23.0,,0
0,1,1,272,9,10,0,0,0,0,0.0,,1
0,0,1,104,9,4,0,0,0,0,0.0,,0
1,0,1,32,9,10,0,0,0,0,0.0,,0
0,0,1,2407,8,9,0,0,0,0,0.0,,0
0,0,1,2407,8,9,0,0,0,0,0.0,,0
1,1,1,2210,9,10,0,0,0,0,0.0,,1
1,1,1,183,3,9,0,0,0,0,0.0,,0
1,1,1,575,6,9,100,110,60,120,0.0,,0
0,0,1,1774,7,9,40,140,60,40,0.0,,0
1,0,0,1775,9,10,10,50,20,20,0.0,,1
1,1,0,584,9,10,0,0,0,0,0.0,,1
1,1,1,2206,9,10,0,0,0,0,0.0,,1
1,1,1,201,7,9,0,0,0,0,26.0,,0
1,0,1,55,9,10,0,0,0,0,0.0,,1
0,1,1,145,9,10,80,40,40,70,0.0,,0
0,1,0,1780,8,9,30,20,30,10,0.0,,0
0,0,1,558,6,9,30,60,40,50,0.0,,0
1,0,1,1781,7,9,80,110,90,170,0.0,,1
1,1,0,710,8,9,0,0,0,0,0.0,,0
1,1,1,1604,9,3,0,0,0,0,0.0,,0
0,1,1,383,7,9,0,0,0,0,0.0,,0
0,0,1,1788,9,4,0,0,0,0,0.0,,1
0,1,1,1789,3,9,0,0,0,0,0.0,,0
0,1,1,2235,3,9,0,0,0,0,0.0,,0
1,1,0,129,10,9,10,160,60,110,22.0,,1
0,1,1,1791,3,9,0,0,0,0,0.0,,0
0,0,1,16,9,10,0,0,0,0,0.0,,0
0,0,1,2296,6,9,100,170,90,90,0.0,,0
0,0,0,1391,9,1,0,0,0,0,0.0,,1
1,0,1,2237,9,1,30,100,40,10,0.0,,0
0,1,1,1797,3,9,0,0,0,0,0.0,,0
1,1,1,235,3,9,0,0,0,0,0.0,,0
0,0,1,470,9,10,30,30,90,30,0.0,,1
1,0,1,517,10,9,170,110,10,140,0.0,,1
0,1,1,205,9,3,10,60,60,10,0.0,,0
0,1,1,1812,3,9,0,0,0,0,0.0,,0
0,1,1,1407,10,9,0,0,0,0,20.0,,1
0,1,1,135,10,9,10,40,40,50,0.0,,1
0,1,1,156,9,4,0,0,0,0,0.0,,0
1,1,0,1826,2,9,20,60,60,100,0.0,,0
0,1,1,76,10,9,20,60,20,70,0.0,,1
0,1,1,144,5,9,10,10,40,10,212.0,,0
0,1,1,808,9,7,0,0,0,0,0.0,,1
0,1,1,2204,10,9,0,0,0,0,0.0,,0
1,1,1,2206,9,3,10,190,30,20,0.0,,0
0,1,1,95,7,9,10,80,90,70,0.0,,1
0,0,1,863,7,9,0,0,0,0,0.0,,1
0,1,1,383,10,9,0,0,0,0,0.0,,1
0,1,1,1104,9,1,40,50,120,40,0.0,,0
0,1,1,1586,10,9,0,0,0,0,60.0,,1
0,0,0,1834,9,10,0,0,0,0,0.0,,0
1,1,1,1604,9,3,60,120,20,60,0.0,,1
0,1,0,1836,3,9,0,0,0,0,0.0,,0
1,0,1,8,9,10,190,180,60,180,0.0,,1
0,1,1,915,4,9,0,0,0,0,0.0,,0
1,0,1,151,9,1,0,0,0,0,0.0,,1
0,0,1,134,9,4,0,0,0,0,0.0,,1
0,1,1,686,7,9,10,20,10,10,0.0,,0
0,0,1,16,6,9,90,100,60,50,0.0,,0
0,1,1,1681,9,1,0,0,0,0,0.0,,0
0,0,1,647,7,9,60,100,30,40,0.0,,0
0,1,1,1852,9,3,30,10,10,10,0.0,,0
0,1,1,994,9,1,0,0,0,0,0.0,,1
1,1,1,1853,9,10,10,90,10,20,0.0,,0
0,1,1,190,10,9,30,60,10,50,0.0,,1
0,1,1,472,9,1,20,90,60,40,0.0,,0
0,0,1,369,6,9,0,0,0,0,0.0,,0
0,1,1,1409,9,1,40,180,170,120,0.0,,1
0,0,1,572,3,9,130,20,20,20,0.0,,0
0,1,1,1862,7,9,10,30,20,40,0.0,,0
0,1,1,1387,9,3,20,10,30,20,0.0,,0
0,0,1,1641,3,9,80,180,90,10,0.0,,0
0,1,1,2206,6,9,90,100,40,50,0.0,,1
0,0,1,616,2,9,170,80,120,180,0.0,,0
0,1,1,135,3,9,150,140,120,70,0.0,,0
0,0,1,1147,5,9,100,110,60,110,0.0,,0
0,0,1,1033,4,9,10,140,10,10,0.0,,0
0,1,1,1862,9,1,30,20,20,10,0.0,,0
0,1,1,1864,6,9,90,100,90,90,0.0,,1
1,1,1,1865,9,3,60,10,120,100,0.0,,1
1,1,1,1853,10,9,120,130,120,120,0.0,,1
0,0,1,740,6,9,20,60,30,40,0.0,,0
0,1,0,2214,9,1,20,20,30,10,0.0,,0
0,1,1,241,7,9,20,180,90,190,0.0,,0
1,0,1,1737,6,9,90,90,40,50,0.0,,1
0,1,1,755,9,11,100,50,90,40,0.0,,0
1,0,0,1868,9,10,130,30,20,10,0.0,,1
0,1,1,239,9,10,10,10,20,10,0.0,,1
0,1,1,239,9,10,10,10,20,40,0.0,,1
0,1,0,1581,9,10,80,50,20,10,0.0,,1
0,1,1,1871,9,1,10,60,20,50,0.0,,0
0,1,1,409,5,9,10,30,40,10,0.0,,0
0,1,1,472,6,9,0,0,0,0,0.0,,0
0,1,0,1657,7,9,30,90,90,60,0.0,,0
0,0,1,105,9,4,30,80,150,100,0.0,,1
0,1,1,246,9,10,130,90,60,70,0.0,,1
0,1,0,2214,9,10,130,50,70,30,0.0,,1
0,0,1,105,9,3,20,70,20,10,0.0,,0
0,1,0,1878,9,3,10,10,10,10,0.0,,0
0,1,1,319,9,10,30,70,10,20,0.0,,1
0,1,1,319,3,9,130,30,60,10,0.0,,0
1,1,1,385,6,9,110,100,90,140,34.0,,0
0,0,1,572,9,3,100,90,90,10,0.0,,0
0,1,1,15,7,9,170,70,40,50,0.0,,0
0,0,1,105,3,9,10,30,40,20,0.0,,0
0,0,1,7,9,10,60,40,30,130,0.0,,1
0,0,1,75,9,10,80,30,20,40,25.0,,1
0,1,1,472,9,10,30,80,90,70,0.0,,0
0,1,1,347,9,3,10,10,20,10,0.0,,0
0,0,1,1694,9,10,0,0,0,0,0.0,,0
0,0,1,24,3,9,10,30,10,10,0.0,,0
0,1,0,366,9,1,20,90,10,10,0.0,,0
0,0,1,16,9,5,0,0,0,0,0.0,,0
0,1,0,366,10,9,10,10,10,10,0.0,,0
1,0,1,482,4,9,40,10,20,20,36.0,,0
0,0,1,299,9,10,20,10,30,40,0.0,,1
0,1,0,1400,10,9,30,50,120,170,0.0,,1
0,1,1,144,6,9,40,80,40,50,0.0,,0
0,0,1,500,9,10,10,50,30,10,0.0,,0
1,0,1,7,6,9,120,160,100,110,0.0,,0
1,0,1,7,5,9,20,180,40,110,0.0,,0
1,1,1,1899,9,10,0,0,0,0,0.0,,0
1,1,1,1200,4,9,80,70,60,150,0.0,,0
0,1,1,882,4,9,40,30,30,150,0.0,,0
0,0,1,514,10,9,10,70,40,140,0.0,,1
0,1,1,487,7,9,10,10,30,120,0.0,,0
0,1,1,156,9,10,20,130,30,70,0.0,,1
1,0,1,56,11,9,10,30,20,20,0.0,,0
0,0,1,503,9,1,80,20,60,50,0.0,,0
0,1,1,2283,10,9,10,20,30,110,0.0,,0
1,0,0,1027,10,9,100,80,40,100,0.0,,1
0,1,1,318,9,3,10,50,20,40,0.0,,0
0,1,1,187,3,9,10,60,60,10,0.0,,0
0,1,1,343,10,9,80,50,60,20,0.0,,1
0,1,1,329,9,10,10,30,60,10,0.0,,1
0,1,1,2246,7,9,0,0,0,0,0.0,,0
0,1,1,1915,9,10,0,0,0,0,0.0,,0
1,0,0,1916,10,9,0,0,0,0,0.0,,0
0,1,0,366,10,9,10,20,20,10,0.0,,0
0,0,1,503,9,3,10,20,20,40,0.0,,0
0,0,1,307,3,9,10,140,10,20,0.0,,0
0,1,1,389,9,1,40,130,30,30,0.0,,0
0,1,1,1709,4,9,130,20,20,130,0.0,,0
0,0,1,405,9,10,0,0,0,0,0.0,,0
1,0,1,35,8,9,0,0,0,0,64.0,,0
0,1,1,2225,9,1,30,30,150,20,0.0,,0
0,1,1,279,3,9,30,30,40,10,0.0,,0
0,1,1,1628,10,9,60,20,40,30,67.0,,1
0,1,1,686,9,7,10,20,20,20,0.0,,0
0,1,1,1927,9,10,150,60,40,30,0.0,,1
0,0,1,75,9,7,20,80,30,40,0.0,,0
0,0,1,75,9,7,150,140,120,40,0.0,,1
0,1,1,343,9,1,30,50,60,20,0.0,,0
0,0,1,1327,9,1,130,110,40,50,0.0,,0
0,1,0,827,3,9,10,120,90,100,0.0,,0
0,1,1,144,7,9,10,30,30,50,0.0,,0
0,1,1,1894,9,10,0,0,0,0,0.0,,0
0,1,1,246,9,10,150,10,60,10,0.0,,1
0,1,1,347,9,1,10,50,30,10,0.0,,0
0,1,1,847,7,9,150,90,40,160,0.0,,0
0,1,1,347,10,9,10,20,60,180,0.0,,1
0,0,1,888,3,9,0,0,0,0,0.0,,0
0,1,1,479,10,9,130,60,120,100,0.0,,1
0,0,1,503,9,4,150,20,150,60,0.0,,0
0,0,1,134,7,9,0,0,0,0,0.0,,0
1,1,0,1936,9,3,100,120,120,50,0.0,,0
0,1,1,1239,9,10,0,0,0,0,0.0,,0
0,1,1,1133,5,9,0,0,0,0,0.0,,0
0,1,1,284,5,9,0,0,0,0,0.0,,0
0,1,1,347,9,10,70,160,70,70,0.0,,0
0,1,1,529,11,9,20,80,60,120,0.0,,0
0,1,1,195,9,10,40,20,40,70,0.0,,1
0,0,1,134,9,1,0,0,0,0,0.0,,0
0,1,1,1015,9,10,10,30,30,10,0.0,,1
1,1,1,1942,7,9,0,0,0,0,29.0,,0
0,1,1,2225,9,3,90,40,90,120,0.0,,0
0,1,0,1946,9,10,20,100,90,10,0.0,,1
0,1,1,655,9,10,0,0,0,0,0.0,,0
0,0,1,1013,9,10,60,90,60,80,0.0,,1
0,1,1,1952,10,9,10,60,90,10,0.0,,0
0,1,0,1953,9,1,10,10,20,10,0.0,,0
0,1,1,205,9,10,10,10,10,10,0.0,,0
1,1,1,1992,9,3,0,0,0,0,0.0,,0
0,0,0,1993,9,7,10,20,20,20,0.0,,0
0,1,1,1927,7,9,0,0,0,0,0.0,,0
0,0,1,399,7,9,100,60,20,110,0.0,,0
0,1,1,1954,9,10,10,10,20,40,0.0,,0
1,0,1,75,9,4,0,0,0,0,0.0,,0
0,0,1,2337,9,10,0,0,0,0,0.0,,0
0,0,1,616,10,9,0,0,0,0,0.0,,1
0,0,1,104,7,9,10,90,90,40,0.0,,0
0,1,1,1961,9,10,0,0,0,0,0.0,,0
0,1,1,447,7,9,10,40,20,10,33.0,,0
0,1,1,1964,10,9,150,160,90,140,41.0,,1
0,0,1,1966,4,9,0,0,0,0,0.0,,0
1,0,1,1967,5,9,80,50,30,30,0.0,,0
0,0,1,1968,9,10,0,0,0,0,0.0,,0
0,0,1,2187,3,9,0,0,0,0,0.0,,0
0,1,1,725,9,3,10,40,20,20,0.0,,0
0,1,1,1971,9,10,10,10,10,10,0.0,,0
0,0,0,1993,10,9,20,80,20,70,0.0,,1
1,1,1,2243,9,3,20,30,60,30,0.0,,0
0,1,1,39,3,9,20,130,40,70,0.0,,0
0,0,1,470,9,1,60,120,90,170,0.0,,1
1,0,1,1976,9,10,60,120,20,140,0.0,,1
0,1,1,426,9,3,20,30,40,20,191.0,,0
0,0,1,1977,7,9,130,110,120,180,0.0,,0
0,0,1,75,9,10,60,120,20,40,0.0,,1
1,0,1,32,9,8,60,130,60,60,0.0,,0
0,1,1,1979,3,9,10,10,40,30,0.0,,0
0,0,1,2237,9,1,0,0,0,0,0.0,,0
0,1,1,595,9,10,100,20,60,100,0.0,,1
0,0,1,1212,7,9,20,50,90,70,56.0,,0
0,0,1,24,9,1,0,0,0,0,0.0,,0
0,1,1,1952,9,10,70,100,20,20,0.0,,0
0,1,1,349,3,9,10,60,20,20,43.0,,0
0,1,1,1991,10,9,40,90,20,40,0.0,,0
1,0,0,1753,9,10,0,0,0,0,0.0,,1
1,1,1,713,9,1,0,0,0,0,0.0,,1
1,1,1,2297,9,10,0,0,0,0,0.0,79.0,1
1,0,1,7,9,1,0,0,0,0,0.0,79.0,1
1,0,1,20,9,1,0,0,0,0,0.0,75.0,1
1,0,1,20,9,1,0,0,0,0,0.0,83.0,1
1,1,1,820,9,1,0,0,0,0,0.0,83.0,1
1,0,1,7,9,1,0,0,0,0,0.0,78.0,1
1,0,1,32,9,1,0,0,0,0,0.0,78.0,1
1,0,1,8,9,1,0,0,0,0,0.0,78.0,1
0,0,1,85,9,10,0,0,0,0,0.0,80.0,1
1,1,1,434,9,10,0,0,0,0,0.0,83.0,1
1,0,1,7,9,10,0,0,0,0,0.0,81.0,1
1,0,1,7,9,10,0,0,0,0,0.0,81.0,1
1,0,1,20,9,1,0,0,0,0,0.0,80.0,1
1,0,1,26,9,1,0,0,0,0,0.0,82.0,1
1,0,1,8,9,1,0,0,0,0,0.0,81.0,1
1,1,1,1421,9,4,0,0,0,0,0.0,81.0,1
1,0,1,20,9,1,0,0,0,0,0.0,78.0,1
1,0,1,7,9,10,0,0,0,0,0.0,77.0,1
1,0,1,8,9,1,0,0,0,0,0.0,87.0,1
0,1,1,1285,9,1,0,0,0,0,58.0,0.0,1
1,0,1,283,9,1,0,0,0,0,0.0,89.0,1
0,0,1,865,9,1,0,0,0,0,75.0,0.0,1
1,1,1,289,9,1,0,0,0,0,0.0,83.0,1
0,0,1,2211,9,1,0,0,0,0,0.0,76.0,1
0,0,1,1301,9,1,0,0,0,0,0.0,77.0,1
1,0,1,1385,9,1,0,0,0,0,82.0,79.0,1
1,0,1,7,9,5,0,0,0,0,0.0,83.0,1
0,0,1,1994,9,1,0,0,0,0,0.0,76.0,1
1,0,1,8,9,1,0,0,0,0,85.0,84.0,1
1,0,1,26,9,8,0,0,0,0,0.0,84.0,1
1,0,1,26,9,3,0,0,0,0,0.0,79.0,1
1,0,1,26,9,10,0,0,0,0,0.0,82.0,1
1,0,1,3,9,10,0,0,0,0,0.0,85.0,1
1,0,1,8,9,1,0,0,0,0,0.0,80.0,1
1,0,0,1996,9,10,0,0,0,0,0.0,77.0,1
1,1,0,129,9,1,0,0,0,0,30.0,86.0,1
1,0,0,1998,9,1,0,0,0,0,0.0,75.0,1
1,1,1,127,9,3,0,0,0,0,0.0,79.0,1
1,1,1,160,9,1,0,0,0,0,0.0,80.0,1
1,0,1,468,9,1,0,0,0,0,57.0,0.0,1
1,1,1,97,9,10,0,0,0,0,0.0,88.0,1
1,1,1,163,9,10,0,0,0,0,0.0,81.0,1
0,0,1,77,9,1,0,0,0,0,0.0,82.0,1
1,1,1,160,9,1,0,0,0,0,0.0,81.0,1
0,0,1,261,9,7,0,0,0,0,0.0,89.0,1
1,1,1,163,9,10,0,0,0,0,0.0,79.0,1
0,1,1,2243,9,10,0,0,0,0,35.0,84.0,1
0,0,1,2278,9,10,0,0,0,0,0.0,83.0,1
0,1,0,2348,9,1,0,0,0,0,0.0,85.0,1
1,0,1,642,9,3,0,0,0,0,0.0,78.0,1
0,1,1,389,9,4,0,0,0,0,0.0,80.0,1
1,1,1,1997,9,8,0,0,0,0,0.0,83.0,1
1,0,0,531,9,1,0,0,0,0,231.0,77.0,1
0,1,1,205,9,1,0,0,0,0,0.0,82.0,1
1,0,1,55,9,10,0,0,0,0,0.0,77.0,1
0,0,1,77,9,10,0,0,0,0,0.0,74.0,1
1,1,1,1999,9,10,0,0,0,0,0.0,80.0,1
1,0,1,517,9,8,0,0,0,0,0.0,76.0,1
1,0,0,102,9,1,0,0,0,0,68.0,82.0,1
0,0,1,69,9,10,0,0,0,0,0.0,88.0,1
1,1,1,242,9,10,0,0,0,0,0.0,88.0,1
1,0,1,26,9,10,0,0,0,0,0.0,79.0,1
0,0,1,75,9,1,0,0,0,0,0.0,77.0,1
1,1,1,800,9,1,0,0,0,0,22.0,79.0,1
0,1,1,1387,9,10,0,0,0,0,0.0,84.0,1
0,1,0,2348,9,10,0,0,0,0,0.0,83.0,1
1,1,1,65,9,10,0,0,0,0,0.0,83.0,1
0,1,1,2294,9,1,0,0,0,0,0.0,81.0,1
0,0,1,75,9,1,0,0,0,0,0.0,85.0,1
1,0,1,8,9,10,0,0,0,0,0.0,85.0,1
1,0,1,558,9,10,0,0,0,0,0.0,75.0,1
1,1,1,406,9,10,0,0,0,0,83.0,80.0,1
1,0,0,531,9,1,0,0,0,0,0.0,77.0,1
0,1,1,246,9,10,0,0,0,0,0.0,81.0,1
0,0,1,865,9,8,0,0,0,0,0.0,73.0,1
1,1,0,765,9,1,0,0,0,0,28.0,81.0,1
0,1,1,2000,9,1,0,0,0,0,17.0,78.0,1
0,1,1,1876,9,3,0,0,0,0,0.0,82.0,1
0,1,1,71,9,10,0,0,0,0,0.0,77.0,1
0,0,1,2002,9,1,0,0,0,0,87.0,0.0,1
1,0,0,1916,9,10,0,0,0,0,0.0,88.0,1
0,0,1,2001,9,1,0,0,0,0,0.0,80.0,1
0,1,1,318,9,8,0,0,0,0,246.0,80.0,1
1,1,1,41,9,5,0,0,0,0,86.0,83.0,1
0,0,1,1415,9,1,0,0,0,0,81.0,83.0,1
1,1,1,1199,9,3,0,0,0,0,85.0,82.0,1
0,1,1,2243,9,10,0,0,0,0,0.0,81.0,1
0,0,0,1408,9,1,0,0,0,0,0.0,83.0,1
0,0,1,2005,9,3,0,0,0,0,87.0,79.0,1
0,1,1,1152,9,7,0,0,0,0,0.0,77.0,1
0,1,1,1770,9,7,0,0,0,0,0.0,77.0,1
1,1,1,126,9,1,0,0,0,0,29.0,85.0,1
1,0,1,8,9,1,0,0,0,0,0.0,80.0,1
0,1,1,343,9,1,0,0,0,0,88.0,89.0,1
1,1,0,1223,9,1,0,0,0,0,77.0,75.0,1
1,1,1,434,9,10,0,0,0,0,0.0,85.0,1
1,0,0,1163,9,10,0,0,0,0,0.0,93.0,1
0,1,1,1108,9,10,0,0,0,0,81.0,81.0,1
1,1,1,1058,9,10,0,0,0,0,78.0,77.0,1
1,1,1,2028,9,3,0,0,0,0,80.0,82.0,1
0,1,1,957,9,10,0,0,0,0,0.0,86.0,1
0,1,1,847,9,1,0,0,0,0,54.0,80.0,1
0,1,0,2003,9,11,0,0,0,0,87.0,82.0,1
0,0,1,1373,9,3,0,0,0,0,83.0,80.0,1
1,0,1,20,9,1,0,0,0,0,0.0,75.0,1
1,0,0,2006,9,10,0,0,0,0,225.0,79.0,1
0,0,1,2273,9,11,0,0,0,0,0.0,77.0,1
0,1,1,1944,9,7,0,0,0,0,0.0,78.0,1
0,0,1,75,9,4,0,0,0,0,0.0,81.0,1
0,0,1,2378,9,3,0,0,0,0,70.0,84.0,1
0,1,1,2004,9,10,0,0,0,0,0.0,86.0,1
1,1,0,2008,9,3,0,0,0,0,0.0,84.0,1
0,1,1,1409,9,10,0,0,0,0,0.0,81.0,1
0,1,1,153,9,3,0,0,0,0,83.0,83.0,1
0,1,1,1776,9,1,0,0,0,0,0.0,77.0,1
0,0,0,2009,9,10,0,0,0,0,0.0,75.0,1
1,0,0,1786,9,10,0,0,0,0,0.0,80.0,1
0,1,1,2007,9,1,0,0,0,0,0.0,80.0,1
0,1,1,187,9,10,0,0,0,0,0.0,85.0,1
0,0,1,105,9,10,0,0,0,0,0.0,79.0,1
1,1,1,160,9,1,0,0,0,0,80.0,79.0,1
1,1,0,1839,9,10,0,0,0,0,0.0,80.0,1
1,1,1,2483,9,10,0,0,0,0,91.0,85.0,1
0,1,1,402,9,3,0,0,0,0,81.0,81.0,1
1,1,1,1058,9,1,0,0,0,0,0.0,82.0,1
0,1,1,1295,9,1,0,0,0,0,90.0,85.0,1
0,1,1,1358,9,10,0,0,0,0,0.0,88.0,1
0,0,1,2403,9,1,0,0,0,0,0.0,74.0,1
1,1,1,2010,9,10,0,0,0,0,88.0,83.0,1
1,0,1,20,9,1,0,0,0,0,27.0,83.0,1
0,0,1,500,9,10,0,0,0,0,0.0,74.0,1
0,0,1,2213,9,10,0,0,0,0,82.0,82.0,1
1,1,1,483,9,10,0,0,0,0,0.0,78.0,1
1,1,1,1058,9,10,0,0,0,0,84.0,83.0,1
0,0,1,875,9,4,0,0,0,0,65.0,77.0,1
0,0,1,1033,9,7,0,0,0,0,0.0,82.0,1
0,1,1,144,9,1,0,0,0,0,0.0,81.0,1
1,0,1,3,9,10,0,0,0,0,0.0,79.0,1
0,1,1,2011,9,1,0,0,0,0,85.0,86.0,1
1,0,1,2273,9,1,0,0,0,0,0.0,0.0,1
0,0,1,647,6,9,0,0,0,0,0.0,80.0,1
0,0,1,75,6,9,0,0,0,0,0.0,80.0,1
0,0,1,75,6,9,0,0,0,0,0.0,80.0,1
0,1,1,205,11,9,0,0,0,0,0.0,82.0,1
0,1,1,755,2,9,0,0,0,0,0.0,84.0,1
0,1,1,135,10,9,0,0,0,0,78.0,78.0,1
1,0,1,0,9,1,0,0,0,0,0.0,78.0,1
1,0,1,11,9,4,0,0,0,0,0.0,81.0,1
0,0,1,16,9,10,0,0,0,0,0.0,81.0,1
1,0,1,32,9,10,0,0,0,0,0.0,75.0,1
1,0,1,2295,9,1,0,0,0,0,0.0,81.0,1
1,0,1,2295,9,1,0,0,0,0,0.0,77.0,1
0,1,1,2024,9,10,0,0,0,0,0.0,83.0,1
1,0,1,20,9,1,0,0,0,0,0.0,79.0,1
0,1,1,2025,9,10,0,0,0,0,0.0,79.0,1
0,1,1,1085,9,7,0,0,0,0,0.0,80.0,1
0,1,1,544,9,11,0,0,0,0,0.0,79.0,1
0,1,1,187,9,8,0,0,0,0,0.0,76.0,0
1,0,0,531,9,1,0,0,0,0,0.0,77.0,1
1,0,1,1522,9,1,0,0,0,0,0.0,81.0,1
0,0,1,1365,9,10,0,0,0,0,0.0,75.0,1
1,0,1,16,9,10,0,0,0,0,0.0,76.0,0
1,0,1,55,9,8,0,0,0,0,0.0,76.0,0
1,0,1,42,9,1,0,0,0,0,0.0,77.0,0
0,0,1,63,9,3,0,0,0,0,0.0,73.0,1
0,0,1,35,9,1,0,0,0,0,0.0,79.0,0
1,0,1,32,9,1,0,0,0,0,0.0,75.0,0
0,0,1,26,9,1,0,0,0,0,0.0,80.0,1
1,0,1,26,9,11,0,0,0,0,0.0,82.0,1
0,0,1,63,9,4,0,0,0,0,0.0,81.0,1
0,1,1,360,9,10,0,0,0,0,0.0,75.0,1
1,0,1,7,9,5,0,0,0,0,0.0,76.0,0
1,1,1,691,9,4,0,0,0,0,0.0,76.0,0
1,0,1,517,9,8,0,0,0,0,0.0,76.0,0
0,0,1,1994,9,1,0,0,0,0,0.0,76.0,0
0,1,1,1387,9,3,0,0,0,0,0.0,82.0,1
1,0,1,26,9,4,0,0,0,0,0.0,75.0,0
1,0,1,26,9,1,0,0,0,0,0.0,85.0,1
1,0,0,478,9,3,0,0,0,0,0.0,82.0,1
0,1,1,378,9,8,0,0,0,0,0.0,85.0,1
0,1,1,619,9,10,0,0,0,0,0.0,75.0,1
1,0,1,7,9,4,0,0,0,0,0.0,74.0,1
1,0,1,468,9,10,0,0,0,0,0.0,78.0,1
1,0,0,1475,9,3,0,0,0,0,0.0,76.0,1
0,0,1,760,9,10,0,0,0,0,0.0,92.0,1
0,0,1,75,9,10,0,0,0,0,0.0,82.0,1
0,0,1,622,9,10,0,0,0,0,0.0,84.0,1
0,1,1,1651,9,10,0,0,0,0,0.0,85.0,1
1,1,1,2191,9,3,0,0,0,0,0.0,83.0,0
0,1,1,2225,9,10,0,0,0,0,0.0,78.0,1
0,1,1,5,9,10,0,0,0,0,0.0,86.0,1
0,1,1,205,9,10,0,0,0,0,0.0,83.0,1
0,1,1,2486,9,1,0,0,0,0,0.0,85.0,1
0,1,1,725,9,10,0,0,0,0,0.0,74.0,0
0,0,1,1573,9,1,0,0,0,0,0.0,75.0,0
0,0,1,2278,9,7,0,0,0,0,0.0,75.0,1
0,0,1,7,9,1,0,0,0,0,0.0,80.0,1
1,0,0,2026,9,10,0,0,0,0,0.0,73.0,1
1,1,1,40,9,3,0,0,0,0,0.0,81.0,1
0,0,1,489,9,10,0,0,0,0,0.0,69.0,1
0,0,1,2211,9,10,0,0,0,0,0.0,77.0,0
0,1,1,2027,9,4,0,0,0,0,0.0,79.0,1
0,0,0,2002,9,1,0,0,0,0,0.0,70.0,0
0,1,1,2004,9,3,0,0,0,0,0.0,84.0,1
1,1,1,97,9,10,0,0,0,0,0.0,92.0,1
1,0,1,8,9,10,0,0,0,0,0.0,88.0,1
0,0,1,198,9,3,0,0,0,0,0.0,68.0,0
0,1,1,117,9,10,0,0,0,0,0.0,91.0,1
0,0,1,1986,9,3,0,0,0,0,0.0,65.0,0
0,1,1,367,9,8,0,0,0,0,0.0,73.0,1
0,0,1,422,9,10,0,0,0,0,0.0,87.0,1
1,0,1,2181,9,1,0,0,0,0,0.0,81.0,1
0,0,1,134,9,7,0,0,0,0,0.0,74.0,0
0,1,1,343,9,10,0,0,0,0,0.0,89.0,1
0,1,1,1944,9,3,0,0,0,0,0.0,83.0,1
1,1,1,289,9,4,0,0,0,0,0.0,83.0,0
1,0,1,16,9,11,0,0,0,0,0.0,80.0,1
0,1,1,1636,9,10,0,0,0,0,0.0,80.0,1
0,1,1,343,9,3,0,0,0,0,49.0,81.0,0
0,1,1,144,9,10,0,0,0,0,0.0,79.0,1
0,1,1,343,9,3,0,0,0,0,0.0,83.0,1
0,0,1,2234,9,7,0,0,0,0,0.0,70.0,1
0,1,1,2029,9,10,0,0,0,0,0.0,76.0,1
0,0,1,75,9,10,0,0,0,0,83.0,73.0,1
0,1,1,144,9,1,0,0,0,0,0.0,79.0,1
0,0,1,104,9,10,0,0,0,0,0.0,83.0,1
0,1,1,2204,9,1,0,0,0,0,0.0,72.0,0
0,0,1,498,9,1,0,0,0,0,0.0,83.0,1
0,1,1,343,9,3,0,0,0,0,0.0,81.0,0
0,1,1,1108,9,1,0,0,0,0,0.0,75.0,0
0,0,0,2002,9,1,0,0,0,0,0.0,70.0,0
0,1,1,343,9,10,0,0,0,0,0.0,85.0,1
0,1,1,2030,9,10,0,0,0,0,0.0,78.0,1
0,1,1,5,9,11,0,0,0,0,0.0,80.0,0
0,1,1,2246,9,10,0,0,0,0,0.0,88.0,1
1,1,1,235,9,10,0,0,0,0,0.0,80.0,1
0,1,0,2031,9,10,0,0,0,0,0.0,74.0,0
0,1,1,2243,9,10,0,0,0,0,0.0,84.0,1
0,0,0,1325,9,8,0,0,0,0,0.0,75.0,0
1,1,1,285,9,1,0,0,0,0,0.0,81.0,1
0,0,1,2187,9,1,0,0,0,0,0.0,77.0,0
1,0,0,102,9,1,0,0,0,0,0.0,82.0,1
1,1,1,1456,9,1,0,0,0,0,0.0,79.0,0
0,1,1,2204,9,10,0,0,0,0,0.0,72.0,0
1,1,1,1899,9,4,0,0,0,0,0.0,81.0,1
0,1,1,1108,9,3,0,0,0,0,0.0,76.0,0
0,1,1,95,9,4,0,0,0,0,0.0,84.0,1
0,1,1,343,9,1,0,0,0,0,0.0,81.0,1
0,1,1,145,9,1,0,0,0,0,0.0,80.0,0
1,1,1,2032,9,10,0,0,0,0,0.0,78.0,0
1,0,1,16,7,9,0,0,0,0,81.0,77.0,0
1,0,1,2290,3,9,0,0,0,0,0.0,75.0,0
1,0,1,24,10,9,0,0,0,0,0.0,74.0,1
1,1,1,424,10,9,0,0,0,0,0.0,88.0,1
1,0,1,1385,10,9,0,0,0,0,0.0,79.0,1
1,0,1,67,10,9,0,0,0,0,50.0,78.0,1
0,0,1,2033,3,9,0,0,0,0,0.0,80.0,0
0,0,0,2237,6,9,0,0,0,0,0.0,0.0,1
0,0,1,63,6,9,0,0,0,0,0.0,79.0,0
1,1,1,1455,7,9,0,0,0,0,0.0,76.0,0
0,1,1,275,10,9,0,0,0,0,0.0,78.0,1
0,0,1,77,7,9,0,0,0,0,0.0,73.0,0
1,0,1,8,10,9,0,0,0,0,0.0,79.0,1
1,1,1,588,6,9,0,0,0,0,0.0,82.0,1
0,0,0,2237,6,9,0,0,0,0,0.0,0.0,0
1,1,0,712,7,9,0,0,0,0,0.0,76.0,0
0,0,1,77,7,9,0,0,0,0,0.0,75.0,0
1,0,1,16,3,9,0,0,0,0,0.0,73.0,0
1,0,1,8,10,9,0,0,0,0,0.0,85.0,1
0,0,1,261,3,9,0,0,0,0,0.0,86.0,0
1,0,1,26,11,9,0,0,0,0,0.0,0.0,0
0,0,1,622,7,9,0,0,0,0,0.0,0.0,0
1,1,1,201,6,9,0,0,0,0,0.0,0.0,0
0,0,1,2307,7,9,0,0,0,0,0.0,82.0,0
1,1,0,836,10,9,0,0,0,0,0.0,85.0,1
0,0,0,2261,10,9,0,0,0,0,0.0,76.0,1
0,0,1,143,7,9,0,0,0,0,0.0,88.0,0
0,0,1,7,10,9,0,0,0,0,0.0,76.0,1
0,1,1,2198,4,9,0,0,0,0,0.0,86.0,0
1,0,1,26,5,9,0,0,0,0,0.0,79.0,0
0,0,1,2256,6,9,0,0,0,0,0.0,84.0,0
0,0,1,572,4,9,0,0,0,0,0.0,70.0,0
0,1,1,472,3,9,0,0,0,0,0.0,75.0,0
0,1,0,460,10,9,0,0,0,0,0.0,76.0,1
0,1,1,2034,6,9,0,0,0,0,0.0,83.0,0
0,1,1,1768,7,9,0,0,0,0,0.0,77.0,0
1,0,0,1786,10,9,0,0,0,0,28.0,82.0,1
0,1,1,2225,4,9,0,0,0,0,83.0,80.0,0
0,1,1,148,7,9,0,0,0,0,90.0,85.0,0
0,0,1,2035,2,9,0,0,0,0,0.0,77.0,0
0,0,1,1033,10,9,0,0,0,0,0.0,86.0,1
0,1,1,2034,3,9,0,0,0,0,0.0,83.0,0
0,0,1,1987,3,9,0,0,0,0,0.0,0.0,0
1,1,1,522,10,9,0,0,0,0,0.0,80.0,1
0,1,1,2036,6,9,0,0,0,0,0.0,90.0,1
0,1,1,2037,2,9,0,0,0,0,0.0,82.0,0
0,1,1,343,3,9,0,0,0,0,0.0,78.0,0
0,0,1,3,7,9,0,0,0,0,0.0,80.0,0
1,1,1,1850,10,9,0,0,0,0,0.0,84.0,1
0,1,1,694,3,9,0,0,0,0,0.0,71.0,0
1,0,1,7,10,9,0,0,0,0,0.0,81.0,1
1,0,1,517,3,9,0,0,0,0,0.0,75.0,0
0,1,0,2038,10,9,0,0,0,0,0.0,69.0,0
0,1,1,205,10,9,0,0,0,0,81.0,78.0,1
0,0,1,2039,10,9,0,0,0,0,0.0,0.0,0
1,1,1,131,2,9,0,0,0,0,0.0,75.0,1
0,0,1,1113,4,9,0,0,0,0,0.0,0.0,0
1,1,1,2040,2,9,0,0,0,0,0.0,81.0,0
0,0,1,75,6,9,0,0,0,0,0.0,78.0,1
0,0,1,1573,3,9,0,0,0,0,0.0,76.0,0
0,1,1,2041,4,9,0,0,0,0,0.0,82.0,0
0,0,1,207,4,9,0,0,0,0,0.0,83.0,0
0,1,1,2206,6,9,0,0,0,0,0.0,90.0,1
0,0,1,44,10,9,0,0,0,0,0.0,77.0,1
0,0,0,2237,6,9,0,0,0,0,0.0,0.0,1
0,0,1,2042,6,9,0,0,0,0,0.0,81.0,1
0,0,1,2043,6,9,0,0,0,0,0.0,77.0,1
0,1,1,439,7,9,0,0,0,0,89.0,85.0,0
1,1,1,41,7,9,0,0,0,0,0.0,86.0,0
0,1,1,1104,5,9,0,0,0,0,43.0,70.0,0
0,0,1,7,10,9,0,0,0,0,81.0,75.0,1
1,0,1,8,6,9,0,0,0,0,0.0,83.0,1
0,1,1,93,6,9,0,0,0,0,0.0,85.0,1
1,0,1,1115,10,9,0,0,0,0,0.0,77.0,1
0,1,1,148,7,9,0,0,0,0,0.0,85.0,0
0,0,1,68,5,9,0,0,0,0,80.0,81.0,0
1,1,0,129,4,9,0,0,0,0,279.0,0.0,0
1,1,1,2044,8,9,0,0,0,0,0.0,85.0,0
0,1,0,1705,10,9,0,0,0,0,0.0,78.0,1
0,1,1,343,10,9,0,0,0,0,94.0,87.0,1
0,0,1,0,7,9,0,0,0,0,0.0,73.0,0
0,1,1,1015,10,9,0,0,0,0,0.0,78.0,1
1,0,1,7,7,9,0,0,0,0,0.0,74.0,0
0,1,1,1012,10,9,0,0,0,0,57.0,91.0,1
0,1,1,2045,4,9,0,0,0,0,54.0,77.0,0
0,1,1,881,7,9,0,0,0,0,0.0,88.0,0
0,1,1,2046,10,9,0,0,0,0,87.0,85.0,1
1,1,1,2047,6,9,0,0,0,0,0.0,89.0,1
1,0,1,591,5,9,0,0,0,0,0.0,78.0,0
1,1,1,289,7,9,0,0,0,0,0.0,80.0,0
0,1,1,1944,7,9,0,0,0,0,0.0,82.0,0
1,0,1,59,7,9,0,0,0,0,0.0,88.0,0
1,1,1,41,10,9,0,0,0,0,0.0,84.0,1
0,1,1,232,5,9,0,0,0,0,0.0,87.0,0
0,1,1,1200,6,9,0,0,0,0,0.0,78.0,0
1,0,1,8,6,9,0,0,0,0,0.0,84.0,0
0,1,1,343,6,9,0,0,0,0,96.0,92.0,0
1,1,1,2241,6,9,0,0,0,0,30.0,83.0,0
1,1,1,483,10,9,0,0,0,0,81.0,77.0,1
1,1,1,17,6,9,0,0,0,0,0.0,82.0,1
1,1,1,1943,6,9,0,0,0,0,0.0,84.0,0
1,1,1,2048,4,9,0,0,0,0,85.0,75.0,0
0,1,1,148,10,9,0,0,0,0,0.0,83.0,1
0,0,1,688,7,9,0,0,0,0,0.0,85.0,0
0,0,1,2296,4,9,0,0,0,0,0.0,78.0,0
0,0,1,928,4,9,0,0,0,0,0.0,84.0,0
0,0,1,180,10,9,0,0,0,0,0.0,74.0,1
0,0,1,616,10,9,0,0,0,0,0.0,79.0,1
0,0,1,369,7,9,0,0,0,0,0.0,78.0,0
0,1,1,416,5,9,0,0,0,0,86.0,86.0,0
1,0,1,216,3,9,0,0,0,0,81.0,77.0,0
1,1,0,2049,10,9,0,0,0,0,0.0,87.0,1
0,1,1,2411,4,9,0,0,0,0,0.0,87.0,0
1,1,1,127,10,9,0,0,0,0,0.0,78.0,1
1,1,1,2050,7,9,0,0,0,0,85.0,82.0,0
0,1,1,1058,4,9,0,0,0,0,0.0,72.0,0
0,0,0,531,10,9,0,0,0,0,0.0,83.0,1
0,0,1,104,5,9,0,0,0,0,80.0,81.0,0
0,1,1,447,10,9,0,0,0,0,0.0,80.0,1
1,1,1,2051,3,9,0,0,0,0,24.0,85.0,0
0,1,1,2219,3,9,0,0,0,0,0.0,73.0,0
0,0,1,281,10,9,0,0,0,0,0.0,76.0,1
1,0,1,980,7,9,0,0,0,0,0.0,86.0,0
0,0,1,622,3,9,0,0,0,0,0.0,77.0,0
0,1,1,1001,10,9,0,0,0,0,0.0,81.0,1
0,1,1,2052,10,9,0,0,0,0,45.0,87.0,1
1,1,1,91,11,9,0,0,0,0,0.0,83.0,0
1,1,1,656,9,1,0,0,0,0,0.0,0.0,1
1,1,1,2153,9,10,0,0,0,0,0.0,0.0,1
1,0,1,87,9,1,0,0,0,0,0.0,87.0,1
1,1,1,2297,9,10,0,0,0,0,0.0,0.0,1
1,1,1,97,9,1,0,0,0,0,0.0,0.0,1
1,0,0,2252,9,1,0,0,0,0,0.0,0.0,1
1,0,0,993,9,4,0,0,0,0,0.0,0.0,1
1,0,1,35,9,1,0,0,0,0,0.0,0.0,1
1,0,0,2252,9,10,0,0,0,0,0.0,0.0,1
1,0,1,20,9,1,0,0,0,0,0.0,0.0,1
1,0,1,7,9,1,0,0,0,0,0.0,0.0,1
1,1,1,679,9,8,0,0,0,0,0.0,0.0,1
1,0,0,2154,9,1,0,0,0,0,0.0,0.0,1
0,0,1,2211,9,1,0,0,0,0,0.0,0.0,1
1,0,1,7,9,4,0,0,0,0,0.0,0.0,1
1,0,1,7,9,10,0,0,0,0,0.0,0.0,1
1,0,1,7,9,1,0,0,0,0,0.0,0.0,1
1,0,1,8,9,1,0,0,0,0,0.0,0.0,1
1,0,1,8,9,1,0,0,0,0,0.0,87.0,1
1,0,1,365,9,1,0,0,0,0,0.0,0.0,1
1,0,1,2155,9,10,0,0,0,0,0.0,0.0,1
1,0,1,3,9,4,0,0,0,0,0.0,0.0,1
1,0,1,20,9,1,0,0,0,0,0.0,0.0,1
1,0,1,8,9,1,0,0,0,0,0.0,0.0,1
1,0,1,87,9,10,0,0,0,0,0.0,86.0,1
0,0,1,297,9,10,0,0,0,0,0.0,0.0,1
1,0,1,35,9,3,0,0,0,0,0.0,0.0,1
1,0,1,35,9,10,0,0,0,0,0.0,0.0,1
1,0,0,396,9,1,0,0,0,0,0.0,0.0,1
1,0,1,8,9,1,0,0,0,0,0.0,0.0,1
1,0,1,67,9,1,0,0,0,0,0.0,0.0,1
1,0,1,35,9,1,0,0,0,0,0.0,0.0,1
1,0,0,531,9,1,0,0,0,0,0.0,0.0,1
0,0,1,26,9,10,0,0,0,0,0.0,0.0,1
0,1,0,461,9,1,0,0,0,0,0.0,61.0,1
1,0,1,67,9,1,0,0,0,0,0.0,0.0,1
1,1,1,27,9,1,0,0,0,0,0.0,0.0,1
0,1,1,187,9,1,0,0,0,0,0.0,80.0,1
0,1,1,544,9,10,0,0,0,0,0.0,83.0,1
0,1,0,2156,9,10,0,0,0,0,0.0,71.0,1
0,1,1,148,9,10,0,0,0,0,0.0,0.0,1
0,1,1,2157,9,1,0,0,0,0,0.0,0.0,1
1,0,1,2186,9,10,0,0,0,0,0.0,0.0,1
0,0,1,2158,9,4,0,0,0,0,0.0,87.0,1
0,1,1,138,9,10,0,0,0,0,0.0,0.0,1
1,1,1,1604,9,10,0,0,0,0,0.0,0.0,1
1,0,1,151,9,10,0,0,0,0,0.0,0.0,1
0,1,0,1404,9,10,0,0,0,0,0.0,0.0,1
0,1,1,724,9,1,0,0,0,0,0.0,0.0,1
0,1,0,658,9,10,0,0,0,0,0.0,0.0,1
1,1,1,2159,10,9,0,0,0,0,0.0,0.0,1
1,1,1,2164,9,3,0,0,0,0,0.0,0.0,1
1,0,1,7,9,10,0,0,0,0,0.0,0.0,1
1,1,1,483,9,1,0,0,0,0,0.0,0.0,1
0,0,0,1321,9,1,0,0,0,0,0.0,0.0,1
0,1,1,401,9,10,0,0,0,0,0.0,89.0,1
1,1,0,2160,9,1,0,0,0,0,0.0,0.0,1
1,0,1,32,9,10,0,0,0,0,0.0,0.0,1
0,1,1,156,9,11,0,0,0,0,0.0,0.0,1
1,1,0,2162,9,3,0,0,0,0,0.0,0.0,1
0,0,1,2163,9,3,0,0,0,0,0.0,0.0,1
0,0,1,105,9,1,0,0,0,0,0.0,0.0,1
0,1,1,95,9,3,0,0,0,0,0.0,88.0,1
0,0,1,1298,9,10,0,0,0,0,0.0,79.0,1
0,1,1,401,9,1,0,0,0,0,0.0,0.0,1
0,0,1,1415,9,10,0,0,0,0,0.0,81.0,1
1,0,0,403,9,1,0,0,0,0,0.0,0.0,1
1,0,1,558,9,1,0,0,0,0,0.0,75.0,1
0,0,1,207,9,1,0,0,0,0,0.0,0.0,1
0,1,1,184,9,3,0,0,0,0,0.0,0.0,1
1,1,1,427,9,7,0,0,0,0,0.0,0.0,1
0,1,0,319,9,10,0,0,0,0,0.0,85.0,1
1,1,1,97,9,4,0,0,0,0,0.0,89.0,1
1,1,1,1749,9,1,0,0,0,0,0.0,0.0,1
0,0,1,500,9,4,0,0,0,0,0.0,0.0,1
1,0,1,1125,9,4,0,0,0,0,0.0,0.0,1
1,0,1,365,9,10,0,0,0,0,0.0,0.0,1
1,1,1,2161,9,8,0,0,0,0,0.0,22.0,1
1,0,0,1029,9,1,0,0,0,0,0.0,0.0,1
0,0,1,580,9,1,0,0,0,0,0.0,0.0,1
0,1,1,2046,9,10,0,0,0,0,0.0,47.0,1
1,1,1,2032,9,1,0,0,0,0,0.0,0.0,1
1,1,1,36,9,5,0,0,0,0,0.0,0.0,1
0,1,0,703,10,9,0,0,0,0,0.0,17.0,1
1,1,1,90,9,1,0,0,0,0,0.0,0.0,1
0,1,0,156,9,3,0,0,0,0,0.0,0.0,1
0,1,1,401,9,1,0,0,0,0,0.0,83.0,1
1,1,1,160,9,1,0,0,0,0,0.0,82.0,1
1,1,1,1052,9,1,0,0,0,0,0.0,0.0,1
0,0,1,444,9,10,0,0,0,0,0.0,94.0,1
0,0,1,180,9,1,0,0,0,0,0.0,83.0,1
0,1,0,2214,9,10,0,0,0,0,0.0,0.0,1
1,1,1,1058,9,10,0,0,0,0,0.0,83.0,1
0,1,1,2034,9,11,0,0,0,0,0.0,0.0,1
0,0,1,2035,9,8,0,0,0,0,0.0,80.0,1
1,0,0,2167,9,10,0,0,0,0,0.0,0.0,1
0,0,0,1699,9,1,0,0,0,0,0.0,0.0,1
0,1,1,1304,9,10,0,0,0,0,0.0,0.0,1
1,0,1,7,9,8,0,0,0,0,0.0,84.0,1
0,0,1,1679,9,1,0,0,0,0,0.0,85.0,1
0,1,1,1598,9,10,0,0,0,0,0.0,87.0,1
0,0,1,444,9,7,0,0,0,0,0.0,90.0,1
0,0,1,1284,9,10,0,0,0,0,0.0,0.0,1
1,0,0,102,9,10,0,0,0,0,0.0,0.0,1
1,0,1,642,9,3,0,0,0,0,0.0,0.0,1
1,1,1,474,9,10,0,0,0,0,0.0,0.0,1
1,1,1,2344,9,10,0,0,0,0,0.0,0.0,1
1,1,0,2168,9,4,0,0,0,0,0.0,0.0,1
0,0,0,2165,9,1,0,0,0,0,0.0,0.0,1
0,1,1,2034,9,10,0,0,0,0,0.0,0.0,1
0,1,1,2166,9,1,0,0,0,0,0.0,83.0,1
1,1,0,129,9,1,0,0,0,0,0.0,0.0,1
1,1,1,1288,9,1,0,0,0,0,0.0,88.0,1
0,1,1,724,9,11,0,0,0,0,0.0,0.0,1
0,1,1,241,9,1,0,0,0,0,0.0,0.0,1
1,1,1,2169,9,10,0,0,0,0,0.0,0.0,1
1,1,1,810,9,1,0,0,0,0,0.0,85.0,1
0,1,1,1944,9,10,0,0,0,0,0.0,88.0,1
0,1,0,117,9,3,0,0,0,0,0.0,0.0,1
1,0,0,1475,9,1,0,0,0,0,0.0,0.0,1
0,1,1,409,9,1,0,0,0,0,0.0,0.0,1
0,1,1,942,9,4,0,0,0,0,0.0,81.0,1
1,1,1,522,9,3,0,0,0,0,0.0,0.0,1
1,1,1,201,9,1,0,0,0,0,0.0,0.0,1
0,1,1,663,9,10,0,0,0,0,0.0,84.0,1
0,1,1,724,9,3,0,0,0,0,0.0,91.0,1
1,0,1,32,9,10,0,0,0,0,0.0,0.0,1
0,1,1,2170,9,3,0,0,0,0,0.0,0.0,1
0,1,1,806,9,10,0,0,0,0,0.0,0.0,1
0,0,1,562,9,1,0,0,0,0,0.0,0.0,1
0,0,0,2171,9,10,0,0,0,0,0.0,0.0,1
0,1,1,246,9,11,0,0,0,0,0.0,52.0,1
1,0,1,26,9,1,0,0,0,0,0.0,0.0,1
1,0,1,67,9,1,0,0,0,0,0.0,0.0,1
1,0,1,20,9,7,0,0,0,0,0.0,0.0,1
1,0,1,26,9,11,0,0,0,0,0.0,0.0,1
1,0,1,7,9,1,0,0,0,0,0.0,0.0,1
0,0,1,527,9,1,0,0,0,0,0.0,0.0,1
1,0,1,1284,9,10,0,0,0,0,0.0,0.0,1
1,1,1,41,9,1,0,0,0,0,0.0,0.0,1
1,0,1,2192,9,10,0,0,0,0,0.0,0.0,1
1,1,0,712,9,10,0,0,0,0,0.0,0.0,1
1,0,1,35,9,1,0,0,0,0,0.0,0.0,1
0,0,1,2172,9,9,0,0,0,0,0.0,0.0,1
1,0,1,20,9,1,0,0,0,0,0.0,0.0,1
1,0,1,26,7,9,0,0,0,0,0.0,0.0,1
0,0,1,1740,6,9,0,0,0,0,0.0,0.0,1
1,1,1,526,9,1,0,0,0,0,0.0,0.0,1
0,1,1,2106,9,10,0,0,0,0,0.0,0.0,1
0,0,0,2417,9,10,0,0,0,0,0.0,0.0,1
0,0,1,1111,9,1,0,0,0,0,0.0,0.0,1
1,1,1,395,9,1,0,0,0,0,0.0,0.0,1
0,1,1,894,9,7,0,0,0,0,0.0,0.0,1
0,0,0,2173,10,9,0,0,0,0,0.0,0.0,1
0,1,1,1921,9,1,0,0,0,0,0.0,0.0,1
0,1,1,952,9,1,0,0,0,0,0.0,0.0,1
0,0,1,542,9,4,0,0,0,0,0.0,0.0,1
1,0,0,2174,9,10,0,0,0,0,0.0,0.0,1
1,1,1,137,9,7,0,0,0,0,0.0,0.0,1
0,1,1,1550,9,4,0,0,0,0,0.0,0.0,1
0,1,0,2175,9,4,0,0,0,0,0.0,0.0,1
0,0,1,1168,9,10,0,0,0,0,0.0,0.0,1
1,1,1,1431,9,10,0,0,0,0,0.0,0.0,1
0,0,1,2349,9,10,0,0,0,0,0.0,0.0,1
0,1,1,241,9,1,0,0,0,0,0.0,0.0,1
0,1,1,1768,9,1,0,0,0,0,0.0,0.0,1
1,0,1,1531,9,10,0,0,0,0,0.0,0.0,1
1,1,1,1421,9,4,0,0,0,0,0.0,0.0,1
0,1,1,135,9,3,0,0,0,0,0.0,0.0,1
0,0,1,132,9,4,0,0,0,0,0.0,0.0,1
1,0,1,7,9,1,0,0,0,0,0.0,0.0,1
0,1,1,2177,9,10,0,0,0,0,0.0,0.0,1
1,1,1,483,9,10,0,0,0,0,0.0,0.0,1
0,1,0,658,9,10,0,0,0,0,0.0,0.0,1
1,0,0,2021,9,10,0,0,0,0,0.0,0.0,1
1,1,1,524,9,10,0,0,0,0,0.0,0.0,1
0,0,1,67,9,1,0,0,0,0,0.0,0.0,1
0,1,0,2178,9,8,0,0,0,0,0.0,0.0,1
1,1,1,40,9,1,0,0,0,0,0.0,0.0,1
0,1,1,2179,9,3,0,0,0,0,0.0,0.0,1
0,0,1,2180,9,11,0,0,0,0,0.0,0.0,1
1,1,1,956,9,5,0,0,0,0,0.0,0.0,1
1,1,1,1307,9,10,0,0,0,0,0.0,0.0,1
1,1,1,579,9,3,0,0,0,0,0.0,0.0,1
0,0,1,2296,9,7,0,0,0,0,0.0,0.0,1
0,0,1,38,9,10,0,0,0,0,0.0,0.0,1
0,1,1,135,9,1,0,0,0,0,0.0,0.0,1
1,1,1,1306,9,10,0,0,0,0,0.0,0.0,1
1,0,1,8,9,1,0,0,0,0,0.0,0.0,1
1,0,1,7,9,10,0,0,0,0,0.0,0.0,1
1,1,1,424,9,1,0,0,0,0,0.0,0.0,1
1,1,1,424,9,1,0,0,0,0,0.0,0.0,1
0,1,1,1628,9,1,0,0,0,0,0.0,0.0,1
1,1,1,996,9,3,0,0,0,0,0.0,0.0,1
0,1,1,2176,9,1,0,0,0,0,0.0,0.0,1
0,1,1,472,9,10,0,0,0,0,0.0,0.0,1
