lokasi,status,tipe,id_daftar_sekolah,id_prodi_pilihan_1,id_prodi_pilihan_2,avg_nilai_uan,avg_nilai_raport,is_lolos_seleksi,id_prodi_diterima
1,0,1,2181,9,1,,,1,9
1,0,1,3,9,1,,,1,9
1,0,1,7,9,1,,,1,9
1,0,1,8,9,1,,,1,9
1,0,1,8,9,10,,,1,9
1,0,1,7,9,1,,,1,9
1,0,1,7,9,1,,,1,9
1,0,1,9,9,1,,,1,9
1,0,1,8,9,7,,,1,9
0,0,0,10,9,10,,,1,9
1,0,1,7,9,1,,,1,9
1,0,1,11,9,1,,,1,9
0,1,1,31,9,1,,,1,9
0,0,1,2188,9,10,,,1,9
1,0,1,32,9,10,,,1,9
1,0,1,16,9,10,,,1,9
1,0,1,0,9,1,,,1,9
1,0,1,45,9,1,,,1,9
1,0,1,7,9,1,,,1,9
1,0,1,7,9,10,,,1,9
1,1,1,36,9,10,,,1,9
0,0,1,16,9,10,,,1,9
1,0,1,55,9,1,,,1,9
1,0,1,14,9,10,,,1,9
1,0,1,20,9,10,,,1,9
1,0,1,20,9,10,,,1,9
1,0,1,20,9,10,,,1,9
1,0,0,73,9,10,,,1,9
0,0,1,77,9,10,,,1,9
1,1,1,78,9,10,,,1,9
1,0,1,45,9,10,,,1,9
1,1,1,27,9,10,,,1,9
1,0,1,48,9,1,,,1,9
1,1,1,139,9,1,,,1,9
1,0,1,32,9,3,,,1,9
1,0,1,7,9,1,,,1,9
0,1,0,2214,9,7,,,1,9
1,0,1,14,9,1,,,1,9
1,1,1,154,9,1,,,1,9
0,1,1,156,9,3,,,1,9
1,0,1,8,9,10,,,1,9
0,0,1,161,9,1,,,1,9
1,0,1,162,9,10,,,1,9
1,0,1,7,9,1,,,1,9
1,0,1,170,9,1,,,1,9
1,0,1,35,9,1,,,1,9
1,0,1,7,9,1,,,1,9
1,0,1,26,9,7,,,1,9
0,1,1,189,9,1,,,1,9
0,1,1,194,9,1,,,1,9
1,1,1,201,9,4,,,1,9
1,0,1,20,9,10,,,1,9
1,0,1,8,9,10,,,1,9
0,0,1,63,9,1,,,1,9
1,0,1,55,9,1,,,1,9
0,0,1,225,9,10,,,1,9
0,1,1,144,9,10,,,1,9
0,1,1,246,9,10,,,1,9
0,0,1,261,9,3,,,1,9
0,1,1,2206,9,1,,,1,9
0,0,1,196,9,1,,,1,9
0,1,1,279,9,7,,,1,9
0,0,1,281,9,1,,,1,9
0,1,1,284,9,1,,,1,9
1,0,1,238,9,10,,,1,9
1,1,1,288,9,10,,,1,9
1,1,1,2238,9,1,,,1,9
0,1,1,71,9,3,,,1,9
0,1,1,86,9,3,,,1,9
0,1,1,300,9,1,,,1,9
1,0,1,35,9,10,,,1,9
0,1,1,309,9,1,,,1,9
0,0,1,46,9,1,,,1,9
1,1,0,310,9,1,,,1,9
1,0,1,312,9,10,,,1,9
0,1,1,135,9,1,,,1,9
1,1,1,2191,9,10,,,1,9
0,0,1,2188,9,1,,,1,9
0,1,1,343,5,9,,,1,9
0,0,1,23,9,10,,,1,9
0,1,1,246,9,1,,,1,9
0,1,0,2214,9,10,,,1,9
0,0,1,357,9,3,,,1,9
0,1,1,188,9,10,,,1,9
1,1,1,36,9,1,,,1,9
0,0,1,371,9,1,,,1,9
0,0,1,372,9,5,,,1,9
0,0,1,295,9,10,,,1,9
0,0,1,30,9,10,,,1,9
0,0,1,380,9,1,,,1,9
0,0,1,382,9,10,,,1,9
0,0,1,75,9,4,,,1,9
1,0,0,102,9,1,,,1,9
1,1,1,381,9,10,,,1,9
1,1,1,2259,9,10,,,1,9
0,0,1,134,9,1,,,1,9
0,1,1,2223,9,4,,,1,9
1,0,1,396,9,1,,,1,9
0,0,1,399,9,10,,,1,9
1,0,1,26,9,10,,,1,9
0,0,1,2237,9,10,,,1,9
0,1,1,1,9,1,0.0,,1,9
1,1,1,288,9,1,0.0,,1,9
1,0,1,20,9,5,0.0,,1,9
1,1,0,192,9,10,0.0,,1,9
1,0,1,7,9,1,0.0,,1,9
1,0,1,32,9,1,0.0,,1,9
1,0,1,32,9,1,0.0,,1,9
1,0,1,7,9,10,0.0,,1,9
1,0,1,24,9,10,0.0,,1,9
1,0,1,2290,9,1,0.0,,1,9
1,0,1,26,9,1,,,1,9
1,0,1,7,9,1,0.0,,1,9
1,0,1,55,9,1,,,1,9
1,0,1,7,9,1,,,1,9
1,0,1,35,9,10,,,1,9
0,1,1,5,9,3,,,1,9
1,0,1,32,9,10,,,1,9
1,1,1,524,9,3,,,1,9
1,0,1,7,9,1,,,1,9
1,0,1,2181,9,1,,,1,9
1,1,1,474,9,10,,,1,9
1,1,1,424,9,10,,,1,9
0,0,1,56,9,1,,,1,9
1,1,1,36,9,6,,,1,9
0,1,1,156,9,1,,,1,9
1,1,1,126,9,1,,,1,9
1,0,1,7,9,7,,,1,9
1,0,1,151,3,9,,,1,9
0,0,1,547,9,1,,,1,9
1,0,1,555,9,10,,,1,9
1,1,1,2300,9,1,,,1,9
1,0,1,8,9,1,,,1,9
0,0,1,421,9,10,,,1,9
0,0,1,1208,9,1,,,1,9
0,0,1,16,9,1,,,1,9
1,1,1,579,9,10,,,1,9
1,0,1,59,9,1,,,1,9
1,1,1,2236,10,9,,,1,9
0,0,1,26,9,5,,,1,9
1,1,1,217,9,10,,,1,9
0,0,1,2211,9,4,,,1,9
1,0,1,7,9,7,,,1,9
0,0,1,223,9,7,,,1,9
1,1,1,556,9,10,,,1,9
0,0,1,2211,9,10,,,1,9
0,0,1,2211,9,3,,,1,9
0,1,1,626,9,10,,,1,9
0,0,1,26,9,1,,,1,9
1,1,1,579,9,1,,,1,9
0,1,1,231,9,10,,,1,9
1,0,1,7,9,1,,,1,9
1,0,1,26,9,1,,,1,9
1,1,1,669,9,7,,,1,9
0,1,1,86,9,1,,,1,9
1,0,1,0,9,1,,,1,9
0,1,1,110,9,10,,,1,9
0,0,0,0,9,1,,,1,9
1,1,1,434,9,1,,,1,9
1,0,1,35,9,10,,,1,9
0,0,1,498,9,7,,,1,9
0,0,1,132,9,3,,,1,9
0,0,1,695,9,7,,,1,9
0,0,1,143,9,3,,,1,9
0,0,1,709,9,1,,,1,9
1,0,1,579,9,7,,,1,9
0,1,1,231,9,7,,,1,9
1,1,1,2236,9,10,,,1,9
0,1,1,719,9,1,,,1,9
0,1,1,720,7,9,,,1,9
1,0,1,35,9,4,65.0,,1,9
1,0,1,67,9,1,27.0,,1,9
1,0,1,26,9,1,3.0,,1,9
1,0,0,0,9,10,73.0,,1,9
1,0,1,983,9,10,80.0,,1,9
1,0,1,20,9,1,68.0,,1,9
1,0,1,7,9,10,23.0,,1,9
0,0,0,2187,9,1,0.0,,1,9
0,0,1,29,9,1,0.0,,1,9
1,0,1,14,9,1,0.0,,1,9
1,0,1,7,9,1,31.0,,1,9
1,0,1,16,9,1,33.0,,1,9
1,0,1,32,9,1,0.0,,1,9
0,1,1,988,9,1,59.0,,1,9
1,1,1,27,9,1,0.0,,1,9
1,1,0,364,9,10,332.0,,1,9
0,0,1,85,9,1,25.0,,1,9
1,0,1,2290,9,1,318.0,,1,9
1,1,1,40,9,1,0.0,,1,9
1,0,1,7,9,10,28.0,,1,9
1,1,1,303,9,10,0.0,,1,9
1,0,1,616,9,7,36.0,,1,9
0,1,1,2237,9,10,73.0,,1,9
0,1,0,658,9,10,296.0,,1,9
1,0,1,164,9,7,63.0,,1,9
1,0,1,7,9,1,69.0,,1,9
0,1,0,883,9,1,73.0,,1,9
1,0,0,1029,9,10,0.0,,1,9
0,0,1,547,9,1,43.0,,1,9
1,0,1,7,9,7,72.0,,1,9
1,0,1,26,9,1,60.0,,1,9
1,0,1,20,9,1,76.0,,1,9
1,1,0,310,9,1,0.0,,1,9
0,1,1,324,9,1,279.0,,1,9
1,0,1,35,9,10,0.0,,1,9
1,0,1,67,9,1,69.0,,1,9
1,0,1,89,7,9,0.0,,1,9
1,0,1,0,9,10,59.0,,1,9
0,0,0,1100,9,3,69.0,,1,9
0,0,1,22,9,7,79.0,,1,9
0,0,1,348,9,10,33.0,,1,9
1,0,1,1128,9,10,68.0,,1,9
0,1,1,344,9,1,61.0,,1,9
0,1,1,319,9,10,0.0,,1,9
0,1,1,1139,9,10,51.0,,1,9
0,0,1,380,9,1,0.0,,1,9
1,0,1,59,9,1,0.0,,1,9
1,0,0,993,9,10,0.0,,1,9
0,0,0,382,9,10,0.0,,1,9
1,0,1,1123,9,10,66.0,,1,9
0,0,0,1171,9,10,0.0,,1,9
1,1,1,1174,9,1,0.0,,1,9
0,1,1,1182,9,5,291.0,,1,9
0,0,1,8,9,10,0.0,,1,9
1,1,1,579,9,10,297.0,,1,9
0,1,1,1194,9,1,0.0,,1,9
0,1,1,2235,9,1,0.0,,1,9
0,0,1,760,9,1,0.0,,1,9
0,1,0,624,9,10,65.0,,1,9
0,1,1,398,9,7,49.0,,1,9
1,1,1,526,9,10,63.0,,1,9
0,1,1,1201,9,10,63.0,,1,9
1,0,1,1378,9,1,27.0,,1,9
0,0,1,1380,9,1,0.0,,1,9
1,0,1,0,9,10,0.0,,1,9
1,1,1,325,9,10,0.0,,1,9
1,0,1,2183,9,3,0.0,,1,9
1,1,0,366,9,1,78.0,,1,9
1,0,1,35,9,1,0.0,,1,9
1,1,1,325,9,10,303.0,,1,9
1,1,1,126,9,10,0.0,,1,9
1,0,0,2317,9,10,211.0,,1,9
1,0,1,35,9,1,31.0,,1,9
1,0,1,26,9,10,25.0,,1,9
1,0,1,26,9,1,0.0,,1,9
1,0,1,26,9,1,25.0,,1,9
1,1,1,505,9,1,54.0,,1,9
0,1,1,135,9,3,0.0,,1,9
1,1,1,474,9,1,32.0,,1,9
1,0,1,151,9,10,0.0,,1,9
0,0,0,0,9,1,0.0,,1,9
0,1,0,1404,9,1,31.0,,1,9
0,0,0,1040,9,7,0.0,,1,9
0,1,1,79,9,10,0.0,,1,9
1,0,0,531,9,1,63.0,,1,9
1,0,1,35,9,1,25.0,,1,9
1,0,0,102,9,1,0.0,,1,9
1,1,1,820,9,1,0.0,,1,9
1,1,1,139,9,10,60.0,,1,9
1,0,1,26,9,10,0.0,,1,9
0,1,1,347,9,1,0.0,,1,9
1,0,1,238,9,1,24.0,,1,9
0,1,1,117,9,10,69.0,,1,9
0,0,1,61,9,1,81.0,,1,9
0,0,1,1442,9,10,0.0,,1,9
0,1,1,392,9,1,0.0,,1,9
0,1,1,544,9,3,0.0,,1,9
1,1,1,505,9,10,32.0,,1,9
1,1,1,1449,9,10,23.0,,1,9
0,0,1,70,9,10,0.0,,1,9
1,1,1,1453,9,10,0.0,,1,9
1,1,1,1455,9,1,26.0,,1,9
1,0,1,7,9,10,28.0,,1,9
0,1,1,1466,9,10,241.0,,1,9
1,0,1,468,9,10,0.0,,1,9
0,0,1,493,9,10,0.0,,1,9
1,0,1,32,9,1,26.0,,1,9
0,0,1,641,9,7,49.0,,1,9
0,1,1,300,9,7,0.0,,1,9
0,0,1,580,9,1,58.0,,1,9
0,1,0,1502,9,10,57.0,,1,9
0,0,1,951,9,8,0.0,,1,9
0,1,1,144,9,10,19.0,,1,9
0,1,1,343,9,1,0.0,,1,9
1,0,1,26,9,8,0.0,,1,9
1,1,1,522,9,10,29.0,,1,9
1,0,1,20,9,6,86.0,,1,9
1,0,1,7,9,7,0.0,,1,9
1,1,1,303,9,8,68.0,,1,9
0,1,1,1074,9,10,0.0,,1,9
0,0,1,2261,9,4,0.0,,1,9
0,1,1,418,9,10,0.0,,1,9
0,0,1,2213,9,10,0.0,,1,9
1,1,1,575,9,10,30.0,,1,9
1,1,1,60,9,1,24.0,,1,9
0,0,0,637,9,10,0.0,,1,9
1,1,1,27,9,10,74.0,,1,9
0,1,1,79,9,7,0.0,,1,9
0,0,1,1551,7,9,0.0,,1,9
0,0,1,414,9,10,31.0,,1,9
1,0,1,8,9,1,29.0,,1,9
0,1,1,1420,9,10,79.0,,1,9
1,1,1,793,9,1,0.0,,1,9
0,1,1,1566,9,1,0.0,,1,9
0,1,0,1583,9,10,0.0,,1,9
0,0,1,1235,9,10,69.0,,1,9
1,1,1,4,10,9,,,1,10
1,0,1,2183,9,1,,,1,9
1,0,1,7,9,1,,,1,9
1,0,1,7,9,1,,,1,9
0,0,1,10,3,9,,,1,3
0,0,0,10,4,9,,,1,4
0,0,0,10,9,10,,,0,1
1,0,1,11,9,6,,,1,9
1,1,1,13,10,9,,,1,10
1,0,1,14,9,10,,,1,10
1,0,1,20,9,10,,,1,9
1,0,1,11,9,10,,,1,10
1,0,1,11,10,9,,,1,10
1,0,1,25,8,9,,,1,8
1,0,1,25,3,9,,,1,3
1,0,1,25,3,9,,,1,3
1,0,1,7,9,10,,,1,9
0,0,1,30,10,9,,,1,10
1,0,1,8,9,1,,,1,9
1,0,1,32,9,10,,,1,10
1,0,1,25,5,9,,,1,5
1,0,1,7,9,10,,,1,10
1,1,1,40,9,5,,,1,5
1,0,1,22,9,10,,,1,9
1,0,1,32,9,7,,,1,9
1,0,1,8,9,10,,,1,9
1,0,1,7,9,10,,,1,10
1,0,1,7,9,3,,,1,9
1,0,1,56,9,3,,,1,3
1,0,1,45,9,10,,,0,1
1,1,1,60,9,4,,,1,7
1,0,1,35,9,10,,,1,10
0,0,1,63,9,3,,,0,1
1,0,1,20,9,4,,,1,4
0,0,1,74,7,9,,,1,7
0,0,1,75,9,3,,,1,9
1,1,1,84,9,10,,,1,10
1,0,1,118,9,1,,,1,9
1,0,1,7,10,9,,,1,10
1,0,1,8,9,10,,,1,10
1,1,1,137,9,7,,,1,9
0,1,1,135,9,5,,,1,9
1,0,1,32,9,10,,,1,10
1,1,1,142,9,1,,,1,9
1,1,1,146,7,9,,,1,7
0,1,1,147,9,10,,,1,10
0,1,1,148,9,3,,,1,9
1,0,1,35,5,9,,,1,5
1,0,1,152,5,9,,,1,5
1,1,1,155,10,9,,,1,10
0,1,1,159,9,10,,,1,9
1,0,0,166,4,9,,,1,9
1,0,1,7,9,10,,,1,9
1,1,1,176,7,9,,,1,7
0,0,1,178,7,9,,,1,7
1,0,1,2220,10,9,,,1,10
1,0,1,2221,9,10,,,0,1
0,1,1,189,9,10,,,1,9
1,1,1,199,5,9,,,1,5
1,0,1,200,9,10,,,1,9
0,1,1,2204,9,5,,,1,9
1,0,1,7,10,9,,,1,10
1,0,1,45,9,5,,,1,5
0,1,1,221,5,9,,,1,5
0,1,1,79,9,3,,,1,9
0,1,1,79,3,9,,,1,3
1,0,1,24,10,9,,,1,10
1,0,1,24,10,9,,,1,10
0,1,1,245,9,5,,,1,9
1,1,1,247,10,9,,,1,10
0,1,1,263,4,9,,,1,4
1,1,1,264,7,9,,,1,7
0,1,1,266,9,7,,,1,9
1,0,1,2220,9,10,,,1,9
0,1,1,272,9,10,,,1,9
0,1,1,274,9,1,,,1,9
0,1,1,276,5,9,,,1,5
0,1,1,279,3,9,,,1,3
1,1,1,2236,9,4,,,1,9
0,0,1,2213,9,1,,,1,9
0,0,1,291,9,1,,,1,9
1,0,1,7,10,9,,,1,10
0,1,1,232,3,9,,,1,3
0,0,1,296,9,4,,,0,1
0,0,1,298,5,9,,,1,5
1,1,1,2241,5,9,,,1,5
1,0,1,2215,9,10,,,1,9
0,1,1,212,7,9,,,1,7
1,0,1,74,9,10,,,1,9
1,1,1,320,7,9,,,1,7
0,0,1,16,9,10,,,1,9
0,1,1,273,7,9,,,1,7
0,1,1,339,5,9,,,1,5
0,1,1,343,4,9,,,1,4
0,1,1,0,9,7,,,1,9
0,1,1,53,9,1,,,1,9
0,1,1,319,3,9,,,1,3
0,0,1,2211,7,9,,,1,7
0,1,1,356,10,9,,,1,10
0,0,1,2251,9,1,,,1,9
1,1,1,360,7,9,,,1,7
0,1,1,205,7,9,,,1,7
0,1,1,368,7,9,,,1,7
0,1,1,184,3,9,,,1,3
0,0,1,369,9,10,,,1,9
0,1,1,86,9,10,,,1,9
0,1,1,86,9,10,,,1,9
1,0,1,370,9,10,,,1,10
0,1,1,375,9,10,,,1,9
1,0,1,7,9,1,,,0,1
1,0,1,26,9,10,,,1,10
1,0,1,2256,7,9,,,1,7
0,1,1,384,7,9,,,1,7
1,1,1,2258,10,9,,,1,10
1,0,1,26,9,1,,,1,9
1,1,1,2236,10,9,,,1,10
0,1,1,398,7,9,,,1,7
1,1,1,402,3,9,,,0,1
1,1,1,406,9,1,,,1,9
0,1,1,408,9,1,,,1,9
0,1,1,272,10,9,,,1,10
1,1,1,201,5,9,,,1,5
0,0,1,2237,9,3,,,1,3
1,1,1,434,4,9,,,1,4
0,0,1,450,7,9,,,0,1
1,0,1,452,9,10,,,0,1
0,1,1,2219,9,3,,,0,1
1,1,1,459,7,9,,,0,1
0,0,1,2237,10,9,,,0,1
1,1,1,471,5,9,,,0,1
1,1,1,474,7,9,,,0,1
1,1,1,51,9,10,0.0,,1,10
1,1,1,288,9,1,0.0,,0,1
1,0,1,20,9,10,0.0,,1,9
1,0,1,3,5,9,0.0,,1,5
1,1,1,512,5,9,0.0,,1,5
1,0,1,32,4,9,0.0,,1,4
1,0,1,8,9,10,0.0,,1,9
0,1,1,343,7,9,0.0,,1,7
0,1,1,95,7,9,0.0,,1,7
0,1,1,343,9,1,0.0,,1,9
0,0,1,520,9,10,,,0,1
1,0,1,24,9,1,,,1,9
1,0,1,3,5,9,,,1,5
1,1,1,525,10,9,,,1,10
1,0,1,59,9,10,,,1,9
1,0,1,7,7,9,,,1,7
1,1,1,2260,9,1,,,1,9
0,1,1,529,4,9,,,0,1
0,0,1,63,4,9,,,0,1
0,0,1,531,9,1,,,0,1
1,1,1,534,7,9,,,1,7
1,0,0,536,9,1,,,0,1
0,1,1,537,7,9,,,1,7
0,0,1,77,9,10,,,1,9
0,0,1,539,9,10,,,0,1
1,0,1,26,5,9,,,1,5
1,0,1,3,10,9,,,1,10
0,1,1,545,10,9,,,1,10
1,1,1,51,10,9,,,1,10
1,0,1,3,10,9,,,1,10
1,1,1,101,9,3,,,1,9
1,0,1,35,9,1,,,1,9
1,1,1,576,9,1,,,1,9
1,0,1,87,9,4,,,1,4
1,0,1,7,7,9,,,1,7
1,1,1,27,7,9,,,1,7
1,0,1,26,10,9,,,1,10
1,1,1,588,9,10,,,1,9
0,1,1,76,9,1,,,1,9
0,0,1,2211,7,9,,,1,7
0,1,1,194,9,3,,,1,9
1,0,1,35,7,9,,,1,7
1,0,1,16,9,1,,,1,9
1,0,1,16,5,9,,,1,5
0,1,1,2206,7,9,,,1,7
0,0,1,601,2,9,,,1,9
1,0,1,7,10,9,,,1,10
1,0,1,2227,9,10,,,1,10
0,1,1,391,9,10,,,1,9
0,0,1,615,9,4,,,1,4
1,0,0,102,9,10,,,1,9
0,0,1,622,9,1,,,1,9
0,0,1,2303,7,9,,,1,7
1,1,1,160,9,1,,,1,9
0,1,1,626,3,9,,,1,3
0,1,1,409,4,9,,,1,4
0,1,1,627,10,9,,,1,10
1,1,1,91,9,3,,,1,3
1,1,1,284,9,1,,,0,1
1,0,1,164,9,4,,,1,9
0,1,1,2223,10,9,,,1,10
1,0,1,59,8,9,,,0,1
0,1,1,626,3,9,,,1,3
0,0,0,637,9,10,,,1,10
0,1,1,318,7,9,,,1,7
0,1,1,638,9,10,,,1,9
0,1,1,643,9,7,,,1,9
0,1,1,649,10,9,,,1,10
0,1,1,650,9,3,,,1,9
1,0,0,531,9,10,,,1,9
1,0,1,2308,5,9,,,1,5
0,1,1,2219,9,10,,,1,9
0,1,1,2243,9,1,,,1,9
1,0,1,7,9,1,,,1,9
1,1,0,659,9,1,,,1,9
0,0,1,664,5,9,,,1,5
1,0,0,666,10,9,,,1,10
0,1,1,515,9,10,,,1,9
0,0,1,647,5,9,,,1,5
1,0,1,8,9,1,,,1,9
0,1,1,246,7,9,,,1,7
0,1,1,110,7,9,,,1,7
0,1,1,110,7,9,,,1,7
1,1,1,97,7,9,,,1,7
0,1,1,687,5,9,,,1,5
1,0,1,645,9,10,,,1,9
0,0,1,622,5,9,,,1,5
1,1,1,2266,10,9,,,1,10
0,1,1,112,5,9,,,1,5
1,1,0,2316,7,9,,,1,7
0,0,1,455,10,9,,,1,10
0,0,1,647,9,3,,,1,9
1,0,1,16,7,9,,,0,1
0,1,1,187,5,9,,,1,5
0,1,1,343,7,9,,,1,7
0,0,0,718,10,9,,,1,10
0,1,1,344,3,9,,,1,3
0,0,1,688,10,9,,,0,1
1,1,1,319,7,9,,,0,1
0,1,1,2325,9,7,,,0,1
0,0,1,132,9,1,,,0,1
0,0,1,791,7,9,,,0,1
0,1,1,816,9,10,,,0,1
0,0,1,61,9,10,,,0,1
1,1,1,819,10,9,,,0,1
0,1,1,135,9,4,,,0,1
1,0,1,69,7,9,,,0,1
1,1,1,418,9,3,,,0,1
1,1,1,869,9,10,,,0,1
0,1,1,882,9,10,,,0,1
0,1,1,904,9,10,,,0,1
1,0,1,42,9,10,,,0,1
1,1,1,936,9,10,,,0,1
0,1,1,853,9,10,,,0,1
1,1,1,969,9,10,,,0,1
0,1,1,2207,9,3,,,0,1
0,0,1,979,9,5,0.0,,1,9
1,0,1,67,9,1,0.0,,1,9
1,0,1,616,9,10,0.0,,1,10
1,1,1,800,10,9,0.0,,1,10
1,0,1,35,3,9,0.0,,1,3
1,0,1,2181,9,10,0.0,,1,10
1,0,1,67,9,1,0.0,,1,9
1,0,1,7,9,1,0.0,,0,1
0,0,1,19,9,10,0.0,,1,9
1,0,1,9,9,3,0.0,,1,3
0,0,1,29,7,9,0.0,,1,9
1,0,1,14,9,1,0.0,,1,9
1,0,1,7,9,3,52.0,,1,3
1,0,1,7,9,1,0.0,,0,1
1,0,1,981,9,10,0.0,,1,9
0,0,1,85,9,10,0.0,,1,9
1,0,1,35,9,1,0.0,,0,1
1,0,1,7,9,1,0.0,,1,9
1,1,1,800,10,9,48.0,,1,10
1,0,1,20,9,7,0.0,,1,9
1,0,1,991,9,4,0.0,,1,4
1,0,1,26,9,1,0.0,,1,9
1,1,1,127,9,1,0.0,,1,9
1,1,1,996,9,1,0.0,,1,9
0,0,1,99,3,9,0.0,,1,3
1,0,1,20,9,1,0.0,,1,9
0,0,1,527,7,9,0.0,,1,7
0,0,1,63,9,1,0.0,,1,9
0,1,1,1000,3,9,187.0,,1,3
0,0,1,620,10,9,0.0,,1,10
1,1,1,2360,7,9,0.0,,1,7
0,0,1,77,5,9,0.0,,1,5
0,0,1,77,7,9,0.0,,0,1
0,1,1,76,9,10,0.0,,1,10
0,1,1,1011,9,4,0.0,,1,9
1,0,1,7,9,1,0.0,,0,1
0,1,0,1016,9,10,0.0,,1,9
1,0,1,7,5,9,236.0,,1,5
0,1,1,2204,7,9,0.0,,1,9
0,1,1,798,7,9,0.0,,1,7
0,1,1,76,4,9,0.0,,1,4
1,1,1,115,11,9,236.0,,1,11
1,0,1,67,10,9,29.0,,1,10
1,0,1,7,9,1,0.0,,0,1
0,0,0,2237,9,10,0.0,,1,10
1,0,1,1026,9,1,0.0,,0,1
0,1,1,1028,9,10,0.0,,1,10
1,0,1,7,9,1,0.0,,0,1
0,1,1,76,7,9,0.0,,0,1
1,0,0,2371,9,1,0.0,,1,9
0,0,1,1037,9,10,0.0,,1,9
0,1,1,393,9,7,0.0,,1,9
1,0,1,7,9,10,0.0,,1,9
0,1,1,324,9,7,0.0,,1,9
1,0,1,555,5,9,0.0,,1,5
1,0,0,620,9,10,0.0,,0,1
0,1,0,2198,9,10,0.0,,1,9
0,0,0,382,7,9,0.0,,1,7
1,1,0,2372,9,10,0.0,,1,10
0,1,1,95,7,9,0.0,,0,1
0,1,1,619,9,1,0.0,,0,1
0,0,1,555,5,9,0.0,,1,5
0,1,1,490,9,4,0.0,,1,4
0,1,1,2246,9,10,0.0,,1,9
0,1,1,391,7,9,59.0,,1,7
0,1,1,2206,9,7,0.0,,1,9
1,1,1,532,5,9,62.0,,1,5
0,1,1,309,10,9,31.0,,1,10
1,0,1,7,9,1,0.0,,1,9
1,0,1,7,9,1,0.0,,0,1
1,0,0,1051,9,10,0.0,,1,9
1,1,1,736,6,9,0.0,,0,1
0,1,1,574,10,9,0.0,,1,10
1,1,0,2372,9,1,0.0,,0,1
0,0,1,2211,3,9,36.0,,1,3
0,1,1,631,7,9,0.0,,0,1
0,1,1,343,10,9,0.0,,1,10
0,0,0,0,9,1,0.0,,1,9
1,0,0,976,10,9,83.0,,1,10
1,0,1,468,10,9,0.0,,1,10
0,1,1,144,7,9,68.0,,1,7
1,1,1,2383,10,9,0.0,,1,10
0,1,1,187,4,9,42.0,,1,4
0,0,1,85,7,9,0.0,,1,9
1,1,1,182,9,1,0.0,,1,9
0,1,1,95,7,9,0.0,,0,1
0,0,1,1110,4,9,0.0,,0,1
1,0,1,8,9,5,0.0,,1,9
0,1,1,1114,3,9,0.0,,1,3
1,0,1,16,5,9,254.0,,1,5
0,1,1,1004,7,9,0.0,,1,7
0,1,1,2225,9,1,0.0,,1,9
1,0,1,1115,8,9,74.0,,1,8
1,1,1,2387,7,9,0.0,,1,7
0,1,1,148,10,9,0.0,,1,10
0,1,1,1122,9,10,0.0,,1,9
1,0,1,1123,9,3,0.0,,1,3
1,0,0,1029,9,10,0.0,,1,10
0,0,1,1124,9,1,0.0,,1,9
0,0,1,24,9,1,0.0,,1,9
1,0,1,1125,9,10,0.0,,1,9
0,1,1,1127,4,9,0.0,,1,4
1,1,1,242,9,1,0.0,,1,9
1,1,1,57,4,9,421.0,,1,4
0,0,1,1131,9,10,0.0,,0,1
0,1,1,205,9,10,0.0,,1,9
0,0,1,1132,10,9,0.0,,1,10
0,0,1,2213,9,7,0.0,,0,1
0,0,1,1138,9,10,0.0,,1,10
0,1,1,2204,9,1,0.0,,0,1
1,0,1,1140,9,10,0.0,,0,1
0,1,1,95,9,5,0.0,,1,5
0,1,1,2225,9,10,0.0,,1,9
0,1,1,945,9,10,0.0,,1,9
0,0,1,390,9,3,0.0,,1,3
0,1,1,135,4,9,0.0,,1,4
0,0,1,70,9,1,0.0,,0,1
1,1,1,2392,10,9,0.0,,1,10
0,1,1,246,9,4,0.0,,0,1
1,0,1,7,5,9,0.0,,1,5
1,1,0,129,10,9,71.0,,1,10
1,0,1,1123,3,9,0.0,,1,3
0,0,1,2211,9,1,0.0,,0,1
0,0,1,230,9,1,0.0,,0,1
1,0,1,804,5,9,77.0,,1,5
0,1,1,95,3,9,0.0,,1,3
1,1,0,1162,9,8,74.0,,1,8
1,1,1,526,3,9,76.0,,1,3
1,0,0,1163,7,9,0.0,,1,7
0,0,1,760,10,9,0.0,,1,10
0,1,1,37,5,9,0.0,,1,5
0,1,1,1165,9,5,0.0,,1,9
1,1,1,1179,9,10,0.0,,1,10
1,1,1,2210,9,1,0.0,,1,9
0,1,1,144,9,7,0.0,,0,1
1,1,1,978,9,10,0.0,,0,1
0,0,1,104,9,7,0.0,,0,1
0,1,1,76,9,1,0.0,,0,1
0,1,1,389,6,9,0.0,,0,1
0,0,1,1138,9,7,0.0,,0,1
0,1,1,187,7,9,0.0,,0,1
0,1,0,2388,7,9,0.0,,0,1
1,1,1,137,9,3,0.0,,1,9
0,1,1,1195,9,3,0.0,,1,9
0,1,1,1195,9,10,0.0,,1,10
1,1,1,1196,9,3,0.0,,1,9
0,0,0,1197,9,1,0.0,,0,1
0,1,1,1198,10,9,0.0,,1,10
0,1,1,2207,9,7,0.0,,1,9
1,1,1,2209,9,1,0.0,,1,9
1,1,1,1202,9,4,0.0,,1,4
1,0,1,162,11,9,82.0,,1,11
0,1,1,110,10,9,0.0,,1,10
0,0,1,498,10,9,0.0,,1,10
0,1,1,343,4,9,0.0,,1,4
0,0,1,2211,9,10,0.0,,0,1
0,1,1,144,9,3,0.0,,0,1
0,1,1,2399,9,5,0.0,,0,1
0,1,1,205,9,10,0.0,,0,1
0,0,1,489,9,7,0.0,,0,1
0,1,1,323,4,9,0.0,,0,1
0,1,1,932,9,4,0.0,,0,1
0,1,1,1242,9,4,0.0,,0,1
0,1,1,95,5,9,0.0,,0,1
0,1,0,673,7,9,0.0,,0,1
1,1,1,1247,9,10,0.0,,0,1
1,0,1,32,9,10,63.0,,1,10
1,1,1,479,5,9,0.0,,0,1
0,0,1,498,7,9,0.0,,1,7
1,0,1,1300,6,9,0.0,,0,1
0,1,1,347,9,10,0.0,,0,1
0,1,1,878,3,9,0.0,,0,1
0,0,1,407,10,9,0.0,,0,1
0,1,1,1108,9,4,0.0,,0,1
1,1,1,1376,7,9,0.0,,0,1
1,0,1,616,9,1,0.0,,0,1
1,0,1,616,9,1,0.0,,0,1
1,0,1,0,9,7,0.0,,1,9
1,0,1,1020,3,9,0.0,,1,3
1,0,1,2421,9,1,0.0,,1,9
1,0,1,35,9,3,0.0,,1,9
1,0,1,16,9,1,0.0,,0,1
1,0,1,67,9,1,0.0,,1,9
1,0,1,67,10,9,0.0,,1,10
0,0,1,414,10,9,0.0,,1,10
1,0,1,16,9,3,0.0,,1,3
1,1,1,800,10,9,0.0,,1,10
0,0,1,2211,9,1,0.0,,0,1
1,0,1,7,9,1,0.0,,1,9
1,0,1,35,9,10,0.0,,0,1
1,0,1,1385,9,1,0.0,,0,1
1,0,1,26,9,10,0.0,,1,9
0,0,1,1298,9,10,59.0,,1,10
0,0,1,1298,9,10,0.0,,1,9
0,0,1,196,9,10,0.0,,0,1
1,0,1,16,10,9,28.0,,1,10
1,0,1,20,9,4,0.0,,1,9
1,0,1,2196,9,1,0.0,,0,1
1,0,1,198,9,10,0.0,,1,10
1,0,1,7,7,9,0.0,,1,7
0,0,1,61,5,9,0.0,,1,5
1,0,1,59,9,1,0.0,,0,1
1,0,1,35,5,9,73.0,,1,5
1,1,0,133,9,3,0.0,,1,3
1,0,1,16,7,9,0.0,,1,7
1,1,1,52,9,10,0.0,,1,9
0,0,0,1388,9,8,0.0,,1,9
1,1,1,434,9,10,0.0,,1,9
1,0,1,32,9,3,0.0,,1,9
1,1,1,1392,9,1,0.0,,1,9
1,1,0,2424,9,1,0.0,,1,9
1,1,1,810,9,1,0.0,,1,9
1,0,1,32,9,10,0.0,,1,9
0,0,1,2426,10,9,0.0,,1,10
0,0,1,77,5,9,0.0,,1,5
0,1,1,1409,7,9,0.0,,1,7
1,1,1,235,4,9,46.0,,1,4
1,0,1,55,9,10,0.0,,0,1
0,0,1,29,9,7,0.0,,1,9
0,1,0,1413,9,4,0.0,,1,4
1,0,0,1027,9,1,0.0,,0,1
0,1,1,94,8,9,59.0,,1,8
0,0,1,1415,8,9,0.0,,1,8
1,1,1,820,9,1,0.0,,1,9
0,1,1,0,10,9,57.0,,1,10
1,0,1,24,7,9,53.0,,1,7
0,0,1,2261,9,1,0.0,,1,9
1,0,1,26,9,1,0.0,,0,1
1,0,1,2432,9,1,0.0,,1,9
1,0,1,1422,9,10,0.0,,0,1
1,1,1,2433,10,9,22.0,,1,10
1,1,1,1185,10,9,0.0,,1,10
0,0,1,77,9,1,0.0,,0,1
1,1,1,800,10,9,68.0,,1,10
1,1,1,474,9,1,0.0,,1,9
1,1,1,1427,3,9,0.0,,1,3
0,1,1,184,9,10,0.0,,0,1
1,1,1,57,4,9,0.0,,1,4
0,1,1,490,9,3,0.0,,1,3
1,1,1,434,3,9,0.0,,1,3
1,1,1,139,9,10,0.0,,1,10
1,0,1,1415,8,9,53.0,,1,8
0,1,1,845,7,9,0.0,,0,1
0,1,1,95,7,9,0.0,,1,7
0,1,1,144,7,9,0.0,,1,7
1,0,1,984,9,1,0.0,,0,1
0,0,1,1083,9,1,0.0,,0,1
1,1,1,522,5,9,65.0,,1,5
1,0,1,185,9,1,0.0,,0,1
1,1,1,2359,9,6,0.0,,1,9
0,1,0,1436,10,9,0.0,,1,10
0,1,0,1439,9,8,0.0,,1,9
0,1,1,1440,9,1,0.0,,1,9
0,0,1,2213,9,3,24.0,,1,3
0,1,1,194,9,1,0.0,,1,9
0,1,1,472,9,1,0.0,,0,1
0,1,1,461,4,9,0.0,,1,4
0,1,1,145,6,9,0.0,,0,1
0,1,0,2348,9,1,0.0,,1,9
0,1,1,461,9,10,0.0,,1,9
1,1,1,116,9,1,0.0,,1,9
1,1,1,72,10,9,0.0,,0,1
1,1,1,126,9,1,0.0,,1,9
1,1,1,651,9,5,0.0,,1,9
1,1,1,590,9,10,0.0,,1,10
0,0,1,735,9,8,0.0,,1,8
0,1,0,1223,7,9,0.0,,0,1
0,0,1,105,7,9,0.0,,1,7
0,0,1,645,7,9,0.0,,1,7
0,1,0,2279,10,9,0.0,,0,1
0,1,1,878,4,9,0.0,,1,4
0,1,1,426,3,9,0.0,,1,3
0,1,1,461,3,9,0.0,,1,3
1,0,1,16,9,1,0.0,,0,1
1,0,1,16,3,9,0.0,,1,3
0,1,1,1477,7,9,0.0,,0,1
0,0,0,1383,9,10,0.0,,0,1
0,0,1,70,9,10,0.0,,1,10
1,0,1,63,11,9,0.0,,1,11
0,0,1,888,5,9,0.0,,1,5
0,1,1,725,9,1,0.0,,1,9
0,1,0,1492,9,1,0.0,,0,1
1,1,1,325,10,9,0.0,,1,10
1,0,1,1278,9,3,0.0,,1,9
0,0,1,697,9,1,0.0,,1,9
1,1,0,1507,9,10,46.0,,1,10
0,1,1,724,7,9,0.0,,1,7
1,1,1,0,9,1,31.0,,1,9
0,1,1,347,7,9,0.0,,0,1
0,1,1,347,9,8,0.0,,0,1
1,0,1,16,9,5,0.0,,1,9
0,0,1,207,10,9,0.0,,1,10
0,0,0,1080,9,1,0.0,,0,1
1,0,1,8,9,1,0.0,,0,1
0,1,1,343,9,10,0.0,,1,9
1,1,0,1529,9,10,0.0,,1,10
1,1,1,1537,9,10,0.0,,1,10
1,1,1,1541,9,8,0.0,,0,1
1,0,1,35,9,10,0.0,,1,10
1,1,1,1543,9,1,0.0,,0,1
0,1,1,343,9,1,0.0,,0,1
0,0,1,77,10,9,0.0,,1,10
0,1,1,1108,7,9,0.0,,1,7
0,1,0,2388,7,9,0.0,,0,1
1,0,1,1415,9,1,0.0,,1,9
0,0,1,896,9,7,0.0,,1,9
0,1,1,279,9,10,0.0,,1,9
1,0,1,63,3,9,0.0,,1,3
0,1,1,272,5,9,0.0,,1,5
0,1,1,378,9,1,0.0,,1,9
0,1,1,324,9,1,0.0,,1,9
0,0,1,180,9,1,0.0,,0,1
0,0,1,1573,9,10,0.0,,0,1
0,0,1,2237,6,9,0.0,,0,1
0,1,1,145,3,9,0.0,,0,1
0,1,1,2225,4,9,0.0,,0,1
0,0,1,2237,9,1,0.0,,0,1
0,1,1,184,9,4,0.0,,0,1
0,0,1,760,9,10,0.0,,0,1
0,1,0,1413,9,7,0.0,,0,1
0,0,1,399,9,10,0.0,,0,1
0,1,1,156,10,9,0.0,,0,1
0,0,1,229,9,10,0.0,,0,1
0,1,1,110,7,9,0.0,,0,1
0,0,1,891,9,10,0.0,,0,1
1,1,1,522,7,9,0.0,,0,1
0,1,1,1619,10,9,0.0,,0,1
1,0,1,2213,7,9,0.0,,0,1
0,1,0,2330,7,9,0.0,,0,1
0,1,1,1689,4,9,0.0,,0,1
0,1,1,1704,10,9,0.0,,0,1
0,1,1,1085,9,10,0.0,,0,1
0,1,1,1275,7,9,0.0,,0,1
0,1,1,1671,9,3,0.0,,0,1
0,1,1,2237,4,9,0.0,,0,1
0,1,1,860,9,4,0.0,,0,1
0,1,1,860,4,9,0.0,,0,1
1,1,1,473,9,3,22.0,,1,9
1,0,1,14,9,1,0.0,,1,9
1,0,1,14,9,1,0.0,,1,9
1,0,1,11,9,10,0.0,,1,9
1,0,1,11,9,10,0.0,,1,9
1,0,1,2237,9,1,0.0,,1,9
1,0,1,35,9,1,0.0,,1,9
1,0,1,20,9,1,0.0,,1,9
1,0,1,7,9,1,0.0,,1,9
0,0,1,68,9,1,0.0,,1,9
1,0,1,35,9,10,0.0,,1,9
0,1,1,347,9,4,0.0,,1,9
0,0,1,88,9,3,0.0,,1,9
1,0,1,7,9,1,0.0,,1,9
1,0,1,56,9,10,0.0,,1,9
1,0,1,2237,9,4,0.0,,1,9
1,1,1,160,9,10,0.0,,1,9
1,0,0,1738,9,1,58.0,,1,9
1,0,1,35,9,1,346.0,,1,9
1,0,0,2220,9,1,0.0,,1,9
1,1,1,51,9,1,32.0,,1,9
1,0,1,16,9,10,0.0,,1,9
1,0,1,1438,9,1,0.0,,1,9
0,1,1,992,9,1,0.0,,1,9
1,0,1,468,9,1,0.0,,1,9
1,0,1,468,9,10,0.0,,1,9
1,0,1,468,9,10,28.0,,1,9
0,1,1,337,9,4,0.0,,1,9
1,0,0,1475,9,10,0.0,,1,9
1,0,1,2237,9,4,0.0,,1,9
1,0,1,87,9,1,0.0,,1,9
0,1,1,156,9,10,0.0,,1,9
0,1,1,125,9,7,0.0,,1,9
1,0,0,1163,9,3,0.0,,1,9
1,0,1,8,9,1,0.0,,1,9
1,0,1,35,9,10,0.0,,1,9
0,1,1,1785,9,10,63.0,,1,9
1,0,0,2237,9,1,0.0,,1,9
1,0,0,2237,9,10,0.0,,1,9
0,0,0,2237,9,1,0.0,,1,9
1,1,1,1749,9,10,0.0,,1,9
0,0,1,422,9,10,0.0,,1,9
0,1,1,135,9,10,0.0,,1,9
0,1,1,195,9,4,0.0,,1,9
0,1,1,1290,9,1,30.0,,1,9
0,1,1,234,9,10,0.0,,1,9
0,1,1,913,9,10,0.0,,1,9
0,1,1,135,9,10,0.0,,1,9
0,0,1,1838,9,10,0.0,,1,9
1,1,1,289,9,10,33.0,,1,9
1,0,1,55,9,1,0.0,,1,9
0,1,1,144,9,10,26.0,,1,9
0,1,1,1671,9,10,0.0,,1,9
1,1,1,578,9,10,63.0,,1,9
1,0,1,11,9,1,73.0,,1,9
1,1,1,1992,9,3,0.0,,1,9
0,1,1,955,9,10,0.0,,1,9
1,0,1,1385,8,9,0.0,,1,8
1,0,0,7,9,10,0.0,,1,10
1,0,1,11,9,1,0.0,,1,9
1,0,1,2295,11,9,0.0,,1,11
1,1,0,1733,6,9,0.0,,1,1
1,0,1,468,8,9,24.0,,1,8
0,0,1,2188,10,9,0.0,,1,10
1,0,1,35,5,9,0.0,,1,5
1,0,1,7,8,9,0.0,,1,8
1,0,1,35,9,1,0.0,,1,9
1,0,1,56,9,10,0.0,,1,10
1,0,1,56,7,9,0.0,,1,7
1,0,1,2185,9,8,0.0,,1,9
1,1,1,1014,9,1,0.0,,1,9
1,0,1,7,7,9,0.0,,1,7
1,0,1,26,9,8,0.0,,1,9
1,1,1,693,9,10,0.0,,1,9
1,0,1,20,9,1,0.0,,1,9
0,1,1,2243,9,1,0.0,,1,9
1,0,1,23,9,6,36.0,,1,8
1,1,1,619,6,9,0.0,,1,1
0,0,1,63,9,10,0.0,,1,1
0,1,1,737,7,9,0.0,,1,1
1,0,1,26,10,9,0.0,,1,10
1,0,1,7,9,1,0.0,,1,9
0,0,1,77,4,9,0.0,,1,4
1,0,1,20,9,1,0.0,,1,9
1,0,1,2192,10,9,0.0,,1,10
0,0,1,865,9,10,0.0,,1,10
0,1,1,335,6,9,0.0,,1,1
0,1,1,1504,10,9,0.0,,1,10
0,1,1,1504,7,9,0.0,,1,7
1,1,1,5,6,9,0.0,,1,1
1,0,0,1753,9,10,0.0,,1,1
1,1,0,1765,8,9,23.0,,1,8
0,1,1,272,9,10,0.0,,1,9
0,0,1,104,9,4,0.0,,1,1
1,0,1,32,9,10,0.0,,1,1
0,0,1,2407,8,9,0.0,,1,8
0,0,1,2407,8,9,0.0,,1,8
1,1,1,2210,9,10,0.0,,1,9
1,1,1,183,3,9,0.0,,1,3
1,1,0,584,9,10,0.0,,1,9
1,1,1,2206,9,10,0.0,,1,9
1,1,1,201,7,9,26.0,,1,7
1,0,1,55,9,10,0.0,,1,9
1,1,0,710,8,9,0.0,,1,8
1,1,1,1604,9,3,0.0,,1,1
0,1,1,383,7,9,0.0,,1,7
0,0,1,1788,9,4,0.0,,1,9
0,1,1,1789,3,9,0.0,,1,1
0,1,1,2235,3,9,0.0,,1,3
0,1,1,1791,3,9,0.0,,1,3
0,0,1,16,9,10,0.0,,1,1
0,0,0,1391,9,1,0.0,,1,9
0,1,1,1797,3,9,0.0,,1,3
1,1,1,235,3,9,0.0,,1,3
0,1,1,1812,3,9,0.0,,1,3
0,1,1,1407,10,9,20.0,,1,10
0,1,1,156,9,4,0.0,,1,1
0,1,1,808,9,7,0.0,,1,9
0,1,1,2204,10,9,0.0,,1,1
0,0,1,863,7,9,0.0,,1,9
0,1,1,383,10,9,0.0,,1,10
0,1,1,1586,10,9,60.0,,1,10
0,0,0,1834,9,10,0.0,,1,1
0,1,0,1836,3,9,0.0,,1,3
0,1,1,915,4,9,0.0,,1,4
1,0,1,151,9,1,0.0,,1,9
0,0,1,134,9,4,0.0,,1,9
0,1,1,1681,9,1,0.0,,1,1
0,1,1,994,9,1,0.0,,1,9
0,0,1,369,6,9,0.0,,1,1
0,1,1,472,6,9,0.0,,1,1
0,0,1,1694,9,10,0.0,,1,1
0,0,1,16,9,5,0.0,,1,1
1,1,1,1899,9,10,0.0,,1,1
0,1,1,2246,7,9,0.0,,1,1
0,1,1,1915,9,10,0.0,,1,1
1,0,0,1916,10,9,0.0,,1,1
0,0,1,405,9,10,0.0,,1,1
1,0,1,35,8,9,64.0,,1,8
0,1,1,1894,9,10,0.0,,1,1
0,0,1,888,3,9,0.0,,1,1
0,0,1,134,7,9,0.0,,1,1
0,1,1,1239,9,10,0.0,,1,1
0,1,1,1133,5,9,0.0,,1,5
0,1,1,284,5,9,0.0,,1,5
0,0,1,134,9,1,0.0,,1,1
1,1,1,1942,7,9,29.0,,1,7
0,1,1,655,9,10,0.0,,1,1
1,1,1,1992,9,3,0.0,,1,1
0,1,1,1927,7,9,0.0,,1,1
1,0,1,75,9,4,0.0,,1,1
0,0,1,2337,9,10,0.0,,1,1
0,0,1,616,10,9,0.0,,1,10
0,1,1,1961,9,10,0.0,,1,1
0,0,1,1966,4,9,0.0,,1,1
0,0,1,1968,9,10,0.0,,1,1
0,0,1,2187,3,9,0.0,,1,3
0,0,1,2237,9,1,0.0,,1,1
0,0,1,24,9,1,0.0,,1,1
1,0,0,1753,9,10,0.0,,1,9
1,1,1,713,9,1,0.0,,1,9
1,1,1,2297,9,10,0.0,79.0,1,9
1,0,1,7,9,1,0.0,79.0,1,9
1,0,1,20,9,1,0.0,75.0,1,9
1,0,1,20,9,1,0.0,83.0,1,9
1,1,1,820,9,1,0.0,83.0,1,9
1,0,1,7,9,1,0.0,78.0,1,9
1,0,1,32,9,1,0.0,78.0,1,9
1,0,1,8,9,1,0.0,78.0,1,9
0,0,1,85,9,10,0.0,80.0,1,9
1,1,1,434,9,10,0.0,83.0,1,9
1,0,1,7,9,10,0.0,81.0,1,9
1,0,1,7,9,10,0.0,81.0,1,9
1,0,1,20,9,1,0.0,80.0,1,9
1,0,1,26,9,1,0.0,82.0,1,9
1,0,1,8,9,1,0.0,81.0,1,9
1,1,1,1421,9,4,0.0,81.0,1,9
1,0,1,20,9,1,0.0,78.0,1,9
1,0,1,7,9,10,0.0,77.0,1,9
1,0,1,8,9,1,0.0,87.0,1,9
0,1,1,1285,9,1,58.0,0.0,1,9
1,0,1,283,9,1,0.0,89.0,1,9
0,0,1,865,9,1,75.0,0.0,1,9
1,1,1,289,9,1,0.0,83.0,1,9
0,0,1,2211,9,1,0.0,76.0,1,9
0,0,1,1301,9,1,0.0,77.0,1,9
1,0,1,1385,9,1,82.0,79.0,1,9
1,0,1,7,9,5,0.0,83.0,1,9
0,0,1,1994,9,1,0.0,76.0,1,9
1,0,1,8,9,1,85.0,84.0,1,9
1,0,1,26,9,8,0.0,84.0,1,9
1,0,1,26,9,3,0.0,79.0,1,9
1,0,1,26,9,10,0.0,82.0,1,9
1,0,1,3,9,10,0.0,85.0,1,9
1,0,1,8,9,1,0.0,80.0,1,9
1,0,0,1996,9,10,0.0,77.0,1,9
1,1,0,129,9,1,30.0,86.0,1,9
1,0,0,1998,9,1,0.0,75.0,1,9
1,1,1,127,9,3,0.0,79.0,1,9
1,1,1,160,9,1,0.0,80.0,1,9
1,0,1,468,9,1,57.0,0.0,1,9
1,1,1,97,9,10,0.0,88.0,1,9
1,1,1,163,9,10,0.0,81.0,1,9
0,0,1,77,9,1,0.0,82.0,1,9
1,1,1,160,9,1,0.0,81.0,1,9
0,0,1,261,9,7,0.0,89.0,1,9
1,1,1,163,9,10,0.0,79.0,1,9
0,1,1,2243,9,10,35.0,84.0,1,9
0,0,1,2278,9,10,0.0,83.0,1,9
0,1,0,2348,9,1,0.0,85.0,1,9
1,0,1,642,9,3,0.0,78.0,1,9
0,1,1,389,9,4,0.0,80.0,1,9
1,1,1,1997,9,8,0.0,83.0,1,9
1,0,0,531,9,1,231.0,77.0,1,9
0,1,1,205,9,1,0.0,82.0,1,9
1,0,1,55,9,10,0.0,77.0,1,9
0,0,1,77,9,10,0.0,74.0,1,9
1,1,1,1999,9,10,0.0,80.0,1,9
1,0,1,517,9,8,0.0,76.0,1,9
1,0,0,102,9,1,68.0,82.0,1,9
0,0,1,69,9,10,0.0,88.0,1,9
1,1,1,242,9,10,0.0,88.0,1,9
1,0,1,26,9,10,0.0,79.0,1,9
0,0,1,75,9,1,0.0,77.0,1,9
1,1,1,800,9,1,22.0,79.0,1,9
0,1,1,1387,9,10,0.0,84.0,1,9
0,1,0,2348,9,10,0.0,83.0,1,9
1,1,1,65,9,10,0.0,83.0,1,9
0,1,1,2294,9,1,0.0,81.0,1,9
0,0,1,75,9,1,0.0,85.0,1,9
1,0,1,8,9,10,0.0,85.0,1,9
1,0,1,558,9,10,0.0,75.0,1,9
1,1,1,406,9,10,83.0,80.0,1,9
1,0,0,531,9,1,0.0,77.0,1,9
0,1,1,246,9,10,0.0,81.0,1,9
0,0,1,865,9,8,0.0,73.0,1,9
1,1,0,765,9,1,28.0,81.0,1,9
0,1,1,2000,9,1,17.0,78.0,1,9
0,1,1,1876,9,3,0.0,82.0,1,9
0,1,1,71,9,10,0.0,77.0,1,9
0,0,1,2002,9,1,87.0,0.0,1,9
1,0,0,1916,9,10,0.0,88.0,1,9
0,0,1,2001,9,1,0.0,80.0,1,9
0,1,1,318,9,8,246.0,80.0,1,9
1,1,1,41,9,5,86.0,83.0,1,9
0,0,1,1415,9,1,81.0,83.0,1,9
1,1,1,1199,9,3,85.0,82.0,1,9
0,1,1,2243,9,10,0.0,81.0,1,9
0,0,0,1408,9,1,0.0,83.0,1,9
0,0,1,2005,9,3,87.0,79.0,1,9
0,1,1,1152,9,7,0.0,77.0,1,9
0,1,1,1770,9,7,0.0,77.0,1,9
1,1,1,126,9,1,29.0,85.0,1,9
1,0,1,8,9,1,0.0,80.0,1,9
0,1,1,343,9,1,88.0,89.0,1,9
1,1,0,1223,9,1,77.0,75.0,1,9
1,1,1,434,9,10,0.0,85.0,1,9
1,0,0,1163,9,10,0.0,93.0,1,9
0,1,1,1108,9,10,81.0,81.0,1,9
1,1,1,1058,9,10,78.0,77.0,1,9
1,1,1,2028,9,3,80.0,82.0,1,9
0,1,1,957,9,10,0.0,86.0,1,9
0,1,1,847,9,1,54.0,80.0,1,9
0,1,0,2003,9,11,87.0,82.0,1,9
0,0,1,1373,9,3,83.0,80.0,1,9
1,0,1,20,9,1,0.0,75.0,1,9
1,0,0,2006,9,10,225.0,79.0,1,9
0,0,1,2273,9,11,0.0,77.0,1,9
0,1,1,1944,9,7,0.0,78.0,1,9
0,0,1,75,9,4,0.0,81.0,1,9
0,0,1,2378,9,3,70.0,84.0,1,9
0,1,1,2004,9,10,0.0,86.0,1,9
1,1,0,2008,9,3,0.0,84.0,1,9
0,1,1,1409,9,10,0.0,81.0,1,9
0,1,1,153,9,3,83.0,83.0,1,9
0,1,1,1776,9,1,0.0,77.0,1,9
0,0,0,2009,9,10,0.0,75.0,1,9
1,0,0,1786,9,10,0.0,80.0,1,9
0,1,1,2007,9,1,0.0,80.0,1,9
0,1,1,187,9,10,0.0,85.0,1,9
0,0,1,105,9,10,0.0,79.0,1,9
1,1,1,160,9,1,80.0,79.0,1,9
1,1,0,1839,9,10,0.0,80.0,1,9
1,1,1,2483,9,10,91.0,85.0,1,9
0,1,1,402,9,3,81.0,81.0,1,9
1,1,1,1058,9,1,0.0,82.0,1,9
0,1,1,1295,9,1,90.0,85.0,1,9
0,1,1,1358,9,10,0.0,88.0,1,9
0,0,1,2403,9,1,0.0,74.0,1,9
1,1,1,2010,9,10,88.0,83.0,1,9
1,0,1,20,9,1,27.0,83.0,1,9
0,0,1,500,9,10,0.0,74.0,1,9
0,0,1,2213,9,10,82.0,82.0,1,9
1,1,1,483,9,10,0.0,78.0,1,9
1,1,1,1058,9,10,84.0,83.0,1,9
0,0,1,875,9,4,65.0,77.0,1,9
0,0,1,1033,9,7,0.0,82.0,1,9
0,1,1,144,9,1,0.0,81.0,1,9
1,0,1,3,9,10,0.0,79.0,1,9
0,1,1,2011,9,1,85.0,86.0,1,9
1,0,1,2273,9,1,0.0,0.0,1,9
0,0,1,647,6,9,0.0,80.0,1,9
0,0,1,75,6,9,0.0,80.0,1,9
0,0,1,75,6,9,0.0,80.0,1,9
0,1,1,205,11,9,0.0,82.0,1,9
0,1,1,755,2,9,0.0,84.0,1,9
0,1,1,135,10,9,78.0,78.0,1,9
1,0,1,0,9,1,0.0,78.0,1,9
1,0,1,11,9,4,0.0,81.0,1,9
0,0,1,16,9,10,0.0,81.0,1,9
1,0,1,32,9,10,0.0,75.0,1,9
1,0,1,2295,9,1,0.0,81.0,1,9
1,0,1,2295,9,1,0.0,77.0,1,9
0,1,1,2024,9,10,0.0,83.0,1,9
1,0,1,20,9,1,0.0,79.0,1,9
0,1,1,2025,9,10,0.0,79.0,1,9
0,1,1,1085,9,7,0.0,80.0,1,9
0,1,1,544,9,11,0.0,79.0,1,9
0,1,1,187,9,8,0.0,76.0,1,8
1,0,0,531,9,1,0.0,77.0,1,9
1,0,1,1522,9,1,0.0,81.0,1,9
0,0,1,1365,9,10,0.0,75.0,1,10
1,0,1,16,9,10,0.0,76.0,1,1
1,0,1,55,9,8,0.0,76.0,1,8
1,0,1,42,9,1,0.0,77.0,1,1
0,0,1,63,9,3,0.0,73.0,1,9
0,0,1,35,9,1,0.0,79.0,1,1
1,0,1,32,9,1,0.0,75.0,1,1
0,0,1,26,9,1,0.0,80.0,1,9
1,0,1,26,9,11,0.0,82.0,1,9
0,0,1,63,9,4,0.0,81.0,1,9
0,1,1,360,9,10,0.0,75.0,1,10
1,0,1,7,9,5,0.0,76.0,1,5
1,1,1,691,9,4,0.0,76.0,1,1
1,0,1,517,9,8,0.0,76.0,1,1
0,0,1,1994,9,1,0.0,76.0,1,1
0,1,1,1387,9,3,0.0,82.0,1,9
1,0,1,26,9,4,0.0,75.0,1,4
1,0,1,26,9,1,0.0,85.0,1,9
1,0,0,478,9,3,0.0,82.0,1,9
0,1,1,378,9,8,0.0,85.0,1,9
0,1,1,619,9,10,0.0,75.0,1,10
1,0,1,7,9,4,0.0,74.0,1,9
1,0,1,468,9,10,0.0,78.0,1,10
1,0,0,1475,9,3,0.0,76.0,1,9
0,0,1,760,9,10,0.0,92.0,1,9
0,0,1,75,9,10,0.0,82.0,1,9
0,0,1,622,9,10,0.0,84.0,1,9
0,1,1,1651,9,10,0.0,85.0,1,9
1,1,1,2191,9,3,0.0,83.0,1,3
0,1,1,2225,9,10,0.0,78.0,1,9
0,1,1,5,9,10,0.0,86.0,1,9
0,1,1,205,9,10,0.0,83.0,1,9
0,1,1,2486,9,1,0.0,85.0,1,9
0,1,1,725,9,10,0.0,74.0,1,1
0,0,1,1573,9,1,0.0,75.0,1,1
0,0,1,2278,9,7,0.0,75.0,1,9
0,0,1,7,9,1,0.0,80.0,1,9
1,0,0,2026,9,10,0.0,73.0,1,10
1,1,1,40,9,3,0.0,81.0,1,9
0,0,1,489,9,10,0.0,69.0,1,10
0,0,1,2211,9,10,0.0,77.0,1,1
0,1,1,2027,9,4,0.0,79.0,1,9
0,0,0,2002,9,1,0.0,70.0,1,1
0,1,1,2004,9,3,0.0,84.0,1,9
1,1,1,97,9,10,0.0,92.0,1,9
1,0,1,8,9,10,0.0,88.0,1,9
0,0,1,198,9,3,0.0,68.0,1,1
0,1,1,117,9,10,0.0,91.0,1,9
0,0,1,1986,9,3,0.0,65.0,1,1
0,1,1,367,9,8,0.0,73.0,1,9
0,0,1,422,9,10,0.0,87.0,1,9
1,0,1,2181,9,1,0.0,81.0,1,9
0,0,1,134,9,7,0.0,74.0,1,1
0,1,1,343,9,10,0.0,89.0,1,9
0,1,1,1944,9,3,0.0,83.0,1,9
1,1,1,289,9,4,0.0,83.0,1,1
1,0,1,16,9,11,0.0,80.0,1,9
0,1,1,1636,9,10,0.0,80.0,1,9
0,1,1,343,9,3,49.0,81.0,1,3
0,1,1,144,9,10,0.0,79.0,1,9
0,1,1,343,9,3,0.0,83.0,1,9
0,0,1,2234,9,7,0.0,70.0,1,9
0,1,1,2029,9,10,0.0,76.0,1,9
0,0,1,75,9,10,83.0,73.0,1,10
0,1,1,144,9,1,0.0,79.0,1,9
0,0,1,104,9,10,0.0,83.0,1,9
0,1,1,2204,9,1,0.0,72.0,1,1
0,0,1,498,9,1,0.0,83.0,1,9
0,1,1,343,9,3,0.0,81.0,1,3
0,1,1,1108,9,1,0.0,75.0,1,1
0,0,0,2002,9,1,0.0,70.0,1,1
0,1,1,343,9,10,0.0,85.0,1,9
0,1,1,2030,9,10,0.0,78.0,1,9
0,1,1,5,9,11,0.0,80.0,1,1
0,1,1,2246,9,10,0.0,88.0,1,9
1,1,1,235,9,10,0.0,80.0,1,9
0,1,0,2031,9,10,0.0,74.0,1,1
0,1,1,2243,9,10,0.0,84.0,1,9
0,0,0,1325,9,8,0.0,75.0,1,8
1,1,1,285,9,1,0.0,81.0,1,9
0,0,1,2187,9,1,0.0,77.0,1,1
1,0,0,102,9,1,0.0,82.0,1,9
1,1,1,1456,9,1,0.0,79.0,1,1
0,1,1,2204,9,10,0.0,72.0,1,1
1,1,1,1899,9,4,0.0,81.0,1,9
0,1,1,1108,9,3,0.0,76.0,1,3
0,1,1,95,9,4,0.0,84.0,1,9
0,1,1,343,9,1,0.0,81.0,1,9
0,1,1,145,9,1,0.0,80.0,1,1
1,1,1,2032,9,10,0.0,78.0,1,1
1,0,1,16,7,9,81.0,77.0,1,7
1,0,1,2290,3,9,0.0,75.0,1,1
1,0,1,24,10,9,0.0,74.0,1,10
1,1,1,424,10,9,0.0,88.0,1,10
1,0,1,1385,10,9,0.0,79.0,1,10
1,0,1,67,10,9,50.0,78.0,1,10
0,0,1,2033,3,9,0.0,80.0,1,3
0,0,0,2237,6,9,0.0,0.0,1,9
0,0,1,63,6,9,0.0,79.0,1,6
1,1,1,1455,7,9,0.0,76.0,1,7
0,1,1,275,10,9,0.0,78.0,1,10
0,0,1,77,7,9,0.0,73.0,1,7
1,0,1,8,10,9,0.0,79.0,1,10
1,1,1,588,6,9,0.0,82.0,1,9
0,0,0,2237,6,9,0.0,0.0,1,1
1,1,0,712,7,9,0.0,76.0,1,7
0,0,1,77,7,9,0.0,75.0,1,7
1,0,1,16,3,9,0.0,73.0,1,3
1,0,1,8,10,9,0.0,85.0,1,10
0,0,1,261,3,9,0.0,86.0,1,3
1,0,1,26,11,9,0.0,0.0,1,11
0,0,1,622,7,9,0.0,0.0,1,7
1,1,1,201,6,9,0.0,0.0,1,1
0,0,1,2307,7,9,0.0,82.0,1,1
1,1,0,836,10,9,0.0,85.0,1,10
0,0,0,2261,10,9,0.0,76.0,1,10
0,0,1,143,7,9,0.0,88.0,1,1
0,0,1,7,10,9,0.0,76.0,1,10
0,1,1,2198,4,9,0.0,86.0,1,4
1,0,1,26,5,9,0.0,79.0,1,5
0,0,1,2256,6,9,0.0,84.0,1,6
0,0,1,572,4,9,0.0,70.0,1,4
0,1,1,472,3,9,0.0,75.0,1,3
0,1,0,460,10,9,0.0,76.0,1,10
0,1,1,2034,6,9,0.0,83.0,1,6
0,1,1,1768,7,9,0.0,77.0,1,7
1,0,0,1786,10,9,28.0,82.0,1,10
0,1,1,2225,4,9,83.0,80.0,1,4
0,1,1,148,7,9,90.0,85.0,1,7
0,0,1,2035,2,9,0.0,77.0,1,2
0,0,1,1033,10,9,0.0,86.0,1,10
0,1,1,2034,3,9,0.0,83.0,1,3
0,0,1,1987,3,9,0.0,0.0,1,3
1,1,1,522,10,9,0.0,80.0,1,10
0,1,1,2036,6,9,0.0,90.0,1,9
0,1,1,2037,2,9,0.0,82.0,1,1
0,1,1,343,3,9,0.0,78.0,1,3
0,0,1,3,7,9,0.0,80.0,1,7
1,1,1,1850,10,9,0.0,84.0,1,10
0,1,1,694,3,9,0.0,71.0,1,3
1,0,1,7,10,9,0.0,81.0,1,10
1,0,1,517,3,9,0.0,75.0,1,3
0,1,0,2038,10,9,0.0,69.0,1,1
0,1,1,205,10,9,81.0,78.0,1,10
0,0,1,2039,10,9,0.0,0.0,1,1
1,1,1,131,2,9,0.0,75.0,1,9
0,0,1,1113,4,9,0.0,0.0,1,4
1,1,1,2040,2,9,0.0,81.0,1,2
0,0,1,75,6,9,0.0,78.0,1,9
0,0,1,1573,3,9,0.0,76.0,1,3
0,1,1,2041,4,9,0.0,82.0,1,4
0,0,1,207,4,9,0.0,83.0,1,4
0,1,1,2206,6,9,0.0,90.0,1,9
0,0,1,44,10,9,0.0,77.0,1,10
0,0,0,2237,6,9,0.0,0.0,1,9
0,0,1,2042,6,9,0.0,81.0,1,9
0,0,1,2043,6,9,0.0,77.0,1,9
0,1,1,439,7,9,89.0,85.0,1,7
1,1,1,41,7,9,0.0,86.0,1,7
0,1,1,1104,5,9,43.0,70.0,1,5
0,0,1,7,10,9,81.0,75.0,1,10
1,0,1,8,6,9,0.0,83.0,1,9
0,1,1,93,6,9,0.0,85.0,1,9
1,0,1,1115,10,9,0.0,77.0,1,10
0,1,1,148,7,9,0.0,85.0,1,7
0,0,1,68,5,9,80.0,81.0,1,5
1,1,0,129,4,9,279.0,0.0,1,4
1,1,1,2044,8,9,0.0,85.0,1,8
0,1,0,1705,10,9,0.0,78.0,1,10
0,1,1,343,10,9,94.0,87.0,1,10
0,0,1,0,7,9,0.0,73.0,1,7
0,1,1,1015,10,9,0.0,78.0,1,10
1,0,1,7,7,9,0.0,74.0,1,7
0,1,1,1012,10,9,57.0,91.0,1,10
0,1,1,2045,4,9,54.0,77.0,1,4
0,1,1,881,7,9,0.0,88.0,1,7
0,1,1,2046,10,9,87.0,85.0,1,10
1,1,1,2047,6,9,0.0,89.0,1,9
1,0,1,591,5,9,0.0,78.0,1,5
1,1,1,289,7,9,0.0,80.0,1,7
0,1,1,1944,7,9,0.0,82.0,1,7
1,0,1,59,7,9,0.0,88.0,1,1
1,1,1,41,10,9,0.0,84.0,1,10
0,1,1,232,5,9,0.0,87.0,1,5
0,1,1,1200,6,9,0.0,78.0,1,6
1,0,1,8,6,9,0.0,84.0,1,6
0,1,1,343,6,9,96.0,92.0,1,6
1,1,1,2241,6,9,30.0,83.0,1,6
1,1,1,483,10,9,81.0,77.0,1,10
1,1,1,17,6,9,0.0,82.0,1,9
1,1,1,1943,6,9,0.0,84.0,1,6
1,1,1,2048,4,9,85.0,75.0,1,4
0,1,1,148,10,9,0.0,83.0,1,10
0,0,1,688,7,9,0.0,85.0,1,7
0,0,1,2296,4,9,0.0,78.0,1,4
0,0,1,928,4,9,0.0,84.0,1,4
0,0,1,180,10,9,0.0,74.0,1,10
0,0,1,616,10,9,0.0,79.0,1,10
0,0,1,369,7,9,0.0,78.0,1,1
0,1,1,416,5,9,86.0,86.0,1,5
1,0,1,216,3,9,81.0,77.0,1,3
1,1,0,2049,10,9,0.0,87.0,1,10
0,1,1,2411,4,9,0.0,87.0,1,4
1,1,1,127,10,9,0.0,78.0,1,10
1,1,1,2050,7,9,85.0,82.0,1,7
0,1,1,1058,4,9,0.0,72.0,1,4
0,0,0,531,10,9,0.0,83.0,1,10
0,0,1,104,5,9,80.0,81.0,1,5
0,1,1,447,10,9,0.0,80.0,1,10
1,1,1,2051,3,9,24.0,85.0,1,3
0,1,1,2219,3,9,0.0,73.0,1,3
0,0,1,281,10,9,0.0,76.0,1,10
1,0,1,980,7,9,0.0,86.0,1,7
0,0,1,622,3,9,0.0,77.0,1,3
0,1,1,1001,10,9,0.0,81.0,1,10
0,1,1,2052,10,9,45.0,87.0,1,10
1,1,1,91,11,9,0.0,83.0,1,11
1,1,1,656,9,1,0.0,0.0,1,9
1,1,1,2153,9,10,0.0,0.0,1,9
1,0,1,87,9,1,0.0,87.0,1,9
1,1,1,2297,9,10,0.0,0.0,1,9
1,1,1,97,9,1,0.0,0.0,1,9
1,0,0,2252,9,1,0.0,0.0,1,9
1,0,0,993,9,4,0.0,0.0,1,9
1,0,1,35,9,1,0.0,0.0,1,9
1,0,0,2252,9,10,0.0,0.0,1,9
1,0,1,20,9,1,0.0,0.0,1,9
1,0,1,7,9,1,0.0,0.0,1,9
1,1,1,679,9,8,0.0,0.0,1,9
1,0,0,2154,9,1,0.0,0.0,1,9
0,0,1,2211,9,1,0.0,0.0,1,9
1,0,1,7,9,4,0.0,0.0,1,9
1,0,1,7,9,10,0.0,0.0,1,9
1,0,1,7,9,1,0.0,0.0,1,9
1,0,1,8,9,1,0.0,0.0,1,9
1,0,1,8,9,1,0.0,87.0,1,9
1,0,1,365,9,1,0.0,0.0,1,9
1,0,1,2155,9,10,0.0,0.0,1,9
1,0,1,3,9,4,0.0,0.0,1,9
1,0,1,20,9,1,0.0,0.0,1,9
1,0,1,8,9,1,0.0,0.0,1,9
1,0,1,87,9,10,0.0,86.0,1,9
0,0,1,297,9,10,0.0,0.0,1,9
1,0,1,35,9,3,0.0,0.0,1,9
1,0,1,35,9,10,0.0,0.0,1,9
1,0,0,396,9,1,0.0,0.0,1,9
1,0,1,8,9,1,0.0,0.0,1,9
1,0,1,67,9,1,0.0,0.0,1,9
1,0,1,35,9,1,0.0,0.0,1,9
1,0,0,531,9,1,0.0,0.0,1,9
0,0,1,26,9,10,0.0,0.0,1,9
0,1,0,461,9,1,0.0,61.0,1,9
1,0,1,67,9,1,0.0,0.0,1,9
1,1,1,27,9,1,0.0,0.0,1,9
0,1,1,187,9,1,0.0,80.0,1,9
0,1,1,544,9,10,0.0,83.0,1,9
0,1,0,2156,9,10,0.0,71.0,1,9
0,1,1,148,9,10,0.0,0.0,1,9
0,1,1,2157,9,1,0.0,0.0,1,9
1,0,1,2186,9,10,0.0,0.0,1,9
0,0,1,2158,9,4,0.0,87.0,1,9
0,1,1,138,9,10,0.0,0.0,1,9
1,1,1,1604,9,10,0.0,0.0,1,9
1,0,1,151,9,10,0.0,0.0,1,9
0,1,0,1404,9,10,0.0,0.0,1,9
0,1,1,724,9,1,0.0,0.0,1,9
0,1,0,658,9,10,0.0,0.0,1,9
1,1,1,2159,10,9,0.0,0.0,1,9
1,1,1,2164,9,3,0.0,0.0,1,9
1,0,1,7,9,10,0.0,0.0,1,9
1,1,1,483,9,1,0.0,0.0,1,9
0,0,0,1321,9,1,0.0,0.0,1,9
0,1,1,401,9,10,0.0,89.0,1,9
1,1,0,2160,9,1,0.0,0.0,1,9
1,0,1,32,9,10,0.0,0.0,1,9
0,1,1,156,9,11,0.0,0.0,1,9
1,1,0,2162,9,3,0.0,0.0,1,9
0,0,1,2163,9,3,0.0,0.0,1,9
0,0,1,105,9,1,0.0,0.0,1,9
0,1,1,95,9,3,0.0,88.0,1,9
0,0,1,1298,9,10,0.0,79.0,1,9
0,1,1,401,9,1,0.0,0.0,1,9
0,0,1,1415,9,10,0.0,81.0,1,9
1,0,0,403,9,1,0.0,0.0,1,9
1,0,1,558,9,1,0.0,75.0,1,9
0,0,1,207,9,1,0.0,0.0,1,9
0,1,1,184,9,3,0.0,0.0,1,9
1,1,1,427,9,7,0.0,0.0,1,9
0,1,0,319,9,10,0.0,85.0,1,9
1,1,1,97,9,4,0.0,89.0,1,9
1,1,1,1749,9,1,0.0,0.0,1,9
0,0,1,500,9,4,0.0,0.0,1,9
1,0,1,1125,9,4,0.0,0.0,1,9
1,0,1,365,9,10,0.0,0.0,1,9
1,1,1,2161,9,8,0.0,22.0,1,9
1,0,0,1029,9,1,0.0,0.0,1,9
0,0,1,580,9,1,0.0,0.0,1,9
0,1,1,2046,9,10,0.0,47.0,1,9
1,1,1,2032,9,1,0.0,0.0,1,9
1,1,1,36,9,5,0.0,0.0,1,9
0,1,0,703,10,9,0.0,17.0,1,9
1,1,1,90,9,1,0.0,0.0,1,9
0,1,0,156,9,3,0.0,0.0,1,9
0,1,1,401,9,1,0.0,83.0,1,9
1,1,1,160,9,1,0.0,82.0,1,9
1,1,1,1052,9,1,0.0,0.0,1,9
0,0,1,444,9,10,0.0,94.0,1,9
0,0,1,180,9,1,0.0,83.0,1,9
0,1,0,2214,9,10,0.0,0.0,1,9
1,1,1,1058,9,10,0.0,83.0,1,9
0,1,1,2034,9,11,0.0,0.0,1,9
0,0,1,2035,9,8,0.0,80.0,1,9
1,0,0,2167,9,10,0.0,0.0,1,9
0,0,0,1699,9,1,0.0,0.0,1,9
0,1,1,1304,9,10,0.0,0.0,1,9
1,0,1,7,9,8,0.0,84.0,1,9
0,0,1,1679,9,1,0.0,85.0,1,9
0,1,1,1598,9,10,0.0,87.0,1,9
0,0,1,444,9,7,0.0,90.0,1,9
0,0,1,1284,9,10,0.0,0.0,1,9
1,0,0,102,9,10,0.0,0.0,1,9
1,0,1,642,9,3,0.0,0.0,1,9
1,1,1,474,9,10,0.0,0.0,1,9
1,1,1,2344,9,10,0.0,0.0,1,9
1,1,0,2168,9,4,0.0,0.0,1,9
0,0,0,2165,9,1,0.0,0.0,1,9
0,1,1,2034,9,10,0.0,0.0,1,9
0,1,1,2166,9,1,0.0,83.0,1,9
1,1,0,129,9,1,0.0,0.0,1,9
1,1,1,1288,9,1,0.0,88.0,1,9
0,1,1,724,9,11,0.0,0.0,1,9
0,1,1,241,9,1,0.0,0.0,1,9
1,1,1,2169,9,10,0.0,0.0,1,9
1,1,1,810,9,1,0.0,85.0,1,9
0,1,1,1944,9,10,0.0,88.0,1,9
0,1,0,117,9,3,0.0,0.0,1,9
1,0,0,1475,9,1,0.0,0.0,1,9
0,1,1,409,9,1,0.0,0.0,1,9
0,1,1,942,9,4,0.0,81.0,1,9
1,1,1,522,9,3,0.0,0.0,1,9
1,1,1,201,9,1,0.0,0.0,1,9
0,1,1,663,9,10,0.0,84.0,1,9
0,1,1,724,9,3,0.0,91.0,1,9
1,0,1,32,9,10,0.0,0.0,1,9
0,1,1,2170,9,3,0.0,0.0,1,9
0,1,1,806,9,10,0.0,0.0,1,9
0,0,1,562,9,1,0.0,0.0,1,9
0,0,0,2171,9,10,0.0,0.0,1,9
0,1,1,246,9,11,0.0,52.0,1,9
1,0,1,26,9,1,0.0,0.0,1,9
1,0,1,67,9,1,0.0,0.0,1,9
1,0,1,20,9,7,0.0,0.0,1,9
1,0,1,26,9,11,0.0,0.0,1,9
1,0,1,7,9,1,0.0,0.0,1,9
0,0,1,527,9,1,0.0,0.0,1,9
1,0,1,1284,9,10,0.0,0.0,1,9
1,1,1,41,9,1,0.0,0.0,1,9
1,0,1,2192,9,10,0.0,0.0,1,9
1,1,0,712,9,10,0.0,0.0,1,9
1,0,1,35,9,1,0.0,0.0,1,9
0,0,1,2172,9,9,0.0,0.0,1,9
1,0,1,20,9,1,0.0,0.0,1,9
1,0,1,26,7,9,0.0,0.0,1,9
0,0,1,1740,6,9,0.0,0.0,1,9
1,1,1,526,9,1,0.0,0.0,1,9
0,1,1,2106,9,10,0.0,0.0,1,9
0,0,0,2417,9,10,0.0,0.0,1,9
0,0,1,1111,9,1,0.0,0.0,1,9
1,1,1,395,9,1,0.0,0.0,1,9
0,1,1,894,9,7,0.0,0.0,1,9
0,0,0,2173,10,9,0.0,0.0,1,9
0,1,1,1921,9,1,0.0,0.0,1,9
0,1,1,952,9,1,0.0,0.0,1,9
0,0,1,542,9,4,0.0,0.0,1,9
1,0,0,2174,9,10,0.0,0.0,1,9
1,1,1,137,9,7,0.0,0.0,1,9
0,1,1,1550,9,4,0.0,0.0,1,9
0,1,0,2175,9,4,0.0,0.0,1,9
0,0,1,1168,9,10,0.0,0.0,1,9
1,1,1,1431,9,10,0.0,0.0,1,9
0,0,1,2349,9,10,0.0,0.0,1,9
0,1,1,241,9,1,0.0,0.0,1,9
0,1,1,1768,9,1,0.0,0.0,1,9
1,0,1,1531,9,10,0.0,0.0,1,9
1,1,1,1421,9,4,0.0,0.0,1,9
0,1,1,135,9,3,0.0,0.0,1,9
0,0,1,132,9,4,0.0,0.0,1,9
1,0,1,7,9,1,0.0,0.0,1,9
0,1,1,2177,9,10,0.0,0.0,1,9
1,1,1,483,9,10,0.0,0.0,1,9
0,1,0,658,9,10,0.0,0.0,1,9
1,0,0,2021,9,10,0.0,0.0,1,9
1,1,1,524,9,10,0.0,0.0,1,9
0,0,1,67,9,1,0.0,0.0,1,9
0,1,0,2178,9,8,0.0,0.0,1,9
1,1,1,40,9,1,0.0,0.0,1,9
0,1,1,2179,9,3,0.0,0.0,1,9
0,0,1,2180,9,11,0.0,0.0,1,9
1,1,1,956,9,5,0.0,0.0,1,9
1,1,1,1307,9,10,0.0,0.0,1,9
1,1,1,579,9,3,0.0,0.0,1,9
0,0,1,2296,9,7,0.0,0.0,1,9
0,0,1,38,9,10,0.0,0.0,1,9
0,1,1,135,9,1,0.0,0.0,1,9
1,1,1,1306,9,10,0.0,0.0,1,9
1,0,1,8,9,1,0.0,0.0,1,9
1,0,1,7,9,10,0.0,0.0,1,9
1,1,1,424,9,1,0.0,0.0,1,9
1,1,1,424,9,1,0.0,0.0,1,9
0,1,1,1628,9,1,0.0,0.0,1,9
1,1,1,996,9,3,0.0,0.0,1,9
0,1,1,2176,9,1,0.0,0.0,1,9
0,1,1,472,9,10,0.0,0.0,1,9
